variant_id,chromosome,position,ref,alt,allele_frequency,conservation_score,impact_score,label
var0,7,685191,T,T,0.566,0.836,2.35,0
var1,20,8906,C,G,0.514,0.155,2.89,0
var2,29,324557,A,C,0.085,0.301,0.38,0
var3,15,579316,C,T,0.549,0.249,1.26,0
var4,11,794719,G,A,0.38,0.372,1.44,0
var5,8,296804,G,A,0.607,0.255,1.13,0
var6,29,469974,T,G,0.389,0.489,1.09,0
var7,21,847936,A,T,0.24,0.407,0.16,0
var8,7,716080,A,G,0.095,0.987,2.06,1
var9,26,628267,G,C,0.315,0.056,1.31,0
var10,19,35701,C,A,0.097,0.142,0.58,0
var11,23,84300,T,C,0.177,0.053,2.45,0
var12,11,766537,C,T,0.987,0.626,2.41,0
var13,11,674034,C,G,0.444,0.055,1.46,0
var14,24,84560,C,G,0.532,0.836,0.9,0
var15,21,243615,A,G,0.874,0.512,1.91,0
var16,4,942378,G,C,0.996,0.527,0.86,0
var17,8,44642,A,A,0.583,0.562,0.71,0
var18,24,518083,G,C,0.812,0.171,2.19,0
var19,3,492036,T,C,0.327,0.198,0.12,0
var20,22,328304,T,T,0.306,0.319,0.28,0
var21,21,805034,C,T,0.403,0.593,0.02,0
var22,2,366464,G,T,0.673,0.21,0.46,0
var23,24,614089,G,A,0.682,0.116,0.21,0
var24,12,289075,G,A,0.315,0.97,2.99,0
var25,6,95377,C,T,0.133,0.022,0.87,0
var26,2,816624,C,T,0.632,0.803,0.45,0
var27,28,833974,T,A,0.128,0.788,0.72,0
var28,21,914447,A,G,0.578,0.297,2.81,0
var29,1,829952,G,A,0.693,0.136,1.56,0
var30,12,327916,G,A,0.701,0.146,1.09,0
var31,26,452978,A,A,0.753,0.697,2.62,0
var32,22,313250,G,T,0.873,0.643,1.18,0
var33,29,606409,C,G,0.5,0.783,1.01,0
var34,12,26559,C,A,0.73,0.937,0.62,0
var35,25,893027,G,T,0.619,0.692,1.13,0
var36,17,559030,C,C,0.187,0.156,0.95,0
var37,27,857101,C,C,0.026,0.243,2.03,0
var38,27,998703,G,A,0.285,0.842,0.87,0
var39,10,678114,T,C,0.443,0.209,1.73,0
var40,28,136044,A,G,0.617,0.073,0.2,0
var41,28,858263,C,C,0.85,0.703,0.57,0
var42,16,113217,T,C,0.196,0.403,1.22,0
var43,15,567161,C,G,0.126,0.92,2.81,1
var44,15,893964,C,A,0.963,0.65,1.13,0
var45,19,913699,A,A,0.108,0.09,1.99,0
var46,12,404119,C,G,0.478,0.948,0.77,0
var47,23,659380,A,G,0.586,0.259,0.38,0
var48,20,829187,A,G,0.541,0.337,0.18,0
var49,25,873388,A,C,0.086,0.402,0.92,0
var50,3,87988,T,G,0.057,0.051,0.47,0
var51,5,570936,G,T,0.105,0.497,0.52,0
var52,19,126991,T,C,0.586,0.123,2.28,0
var53,7,403732,G,A,0.544,0.401,0.05,0
var54,21,507079,G,A,0.234,0.351,1.67,0
var55,9,902437,A,A,0.638,0.773,1.14,0
var56,7,527684,C,C,0.82,0.803,1.52,0
var57,18,85082,A,T,0.042,0.153,1.69,0
var58,4,937633,C,G,0.498,0.367,0.94,0
var59,25,129322,G,G,0.689,0.373,0.89,0
var60,28,657951,A,A,0.252,0.151,2.2,0
var61,14,12303,C,A,0.308,0.798,2.61,0
var62,18,162633,T,C,0.614,0.707,0.58,0
var63,26,334863,C,T,0.898,0.19,0.29,0
var64,9,250690,A,G,0.81,0.367,2.69,0
var65,26,785108,T,C,0.583,0.106,1.05,0
var66,21,100616,C,G,0.73,0.628,1.65,0
var67,2,911597,C,A,0.365,0.121,1.08,0
var68,20,87231,C,G,0.641,0.986,0.38,0
var69,28,270458,C,T,0.466,0.781,1.77,0
var70,15,20623,C,T,0.19,0.39,1.58,0
var71,28,724035,T,A,0.702,0.579,0.61,0
var72,7,491042,G,T,0.556,0.911,1.36,0
var73,12,459298,T,T,0.359,0.554,2.39,0
var74,29,477840,T,C,0.911,0.174,1.77,0
var75,8,106228,T,G,0.021,0.379,0.29,0
var76,15,427346,G,A,0.316,0.843,1.64,0
var77,3,708116,A,A,0.057,0.644,2.11,1
var78,14,885056,G,A,0.767,0.651,2.38,0
var79,17,682652,T,A,0.702,0.867,1.89,0
var80,4,899217,C,A,0.331,0.894,0.46,0
var81,18,521547,C,T,0.676,0.92,2.13,0
var82,8,873638,T,C,0.396,0.095,2.03,0
var83,4,70274,C,A,0.756,0.544,0.07,0
var84,2,134541,T,C,0.454,0.741,1.24,0
var85,6,54947,C,C,0.412,0.757,1.0,0
var86,22,678894,G,T,0.935,0.607,2.01,0
var87,10,195692,A,A,0.251,0.167,0.65,0
var88,4,49874,A,T,0.12,0.797,1.77,1
var89,22,574996,G,A,0.585,0.72,2.74,0
var90,29,75553,G,T,0.969,0.086,2.39,0
var91,18,593632,T,C,0.378,0.464,2.76,0
var92,26,836570,T,A,0.062,0.174,2.94,0
var93,12,710662,T,G,0.339,0.337,0.03,0
var94,2,572926,C,C,0.506,0.018,1.87,0
var95,10,79249,T,G,0.162,0.4,1.24,0
var96,4,893297,G,C,0.658,0.55,2.58,0
var97,14,528007,A,T,0.998,0.62,0.76,0
var98,16,679250,C,A,0.452,0.663,2.94,0
var99,15,471452,T,C,0.355,0.836,1.84,0
var100,8,430725,C,T,0.401,0.215,2.38,0
var101,14,43534,C,A,0.115,0.12,0.26,0
var102,23,496518,T,A,0.883,0.852,0.55,0
var103,28,617529,C,C,0.415,0.157,2.28,0
var104,25,413003,A,A,0.387,0.975,0.07,0
var105,8,127209,G,C,0.66,0.843,2.45,0
var106,21,443061,G,A,0.442,0.501,0.04,0
var107,16,190004,A,G,0.648,0.981,1.97,0
var108,13,617412,C,T,0.061,0.097,1.1,0
var109,18,616947,T,G,0.814,0.303,1.83,0
var110,15,165134,C,C,0.941,0.638,2.09,0
var111,21,76713,A,G,0.649,0.35,1.03,0
var112,24,743623,C,C,0.955,0.928,0.32,0
var113,26,489972,G,A,0.151,0.066,0.21,0
var114,25,978965,C,A,0.477,0.549,1.77,0
var115,28,76418,A,C,0.602,0.591,1.56,0
var116,28,985176,G,G,0.582,0.653,2.23,0
var117,28,129232,C,A,0.401,0.256,1.53,0
var118,13,953336,C,T,0.338,0.365,1.27,0
var119,9,521551,G,A,0.127,0.844,1.19,0
var120,29,164038,T,T,0.392,0.195,0.08,0
var121,15,991049,G,G,0.163,0.827,1.01,0
var122,13,931491,T,T,0.734,0.563,2.93,0
var123,1,169383,A,T,0.209,0.762,2.62,1
var124,25,819007,A,T,0.059,0.714,0.99,0
var125,7,326996,G,T,0.552,0.208,1.76,0
var126,9,259722,G,A,0.595,0.569,2.54,0
var127,24,133079,A,T,0.872,0.868,1.32,0
var128,1,203053,T,A,0.577,0.432,0.05,0
var129,12,601530,A,T,0.345,0.967,0.22,0
var130,8,179589,G,C,0.803,0.452,1.53,0
var131,24,504238,A,G,0.54,0.143,2.91,0
var132,11,30257,G,T,0.079,0.389,2.08,0
var133,19,481488,G,C,0.566,0.952,0.21,0
var134,17,436423,A,T,0.908,0.32,0.57,0
var135,8,145353,T,T,0.396,0.868,2.31,0
var136,3,324390,C,T,0.296,0.881,2.52,1
var137,3,264579,A,C,0.143,0.35,1.85,0
var138,1,230947,C,G,0.151,0.083,1.93,0
var139,27,232758,A,C,0.433,0.725,0.09,0
var140,5,616645,C,G,0.596,0.312,2.49,0
var141,10,158732,T,T,0.081,0.783,2.36,1
var142,7,923588,T,A,0.94,0.443,0.78,0
var143,26,932011,A,T,0.755,0.485,2.13,0
var144,9,728955,G,G,0.587,0.778,0.64,0
var145,28,609095,C,C,0.828,0.382,0.12,0
var146,7,439755,G,T,0.08,0.443,0.6,0
var147,9,903385,G,C,0.477,0.376,0.54,0
var148,8,139563,G,C,0.63,0.367,1.01,0
var149,12,784066,T,C,0.829,0.526,1.26,0
var150,2,507047,A,T,0.783,0.809,1.53,0
var151,1,706552,A,C,0.277,0.362,1.43,0
var152,16,998899,T,C,0.941,0.524,0.81,0
var153,23,911229,T,T,0.124,0.671,0.09,0
var154,23,327032,A,C,0.875,0.269,1.82,0
var155,24,598897,G,T,0.971,0.278,1.19,0
var156,5,796509,C,G,0.177,0.933,0.9,0
var157,3,773800,C,G,0.722,0.724,2.6,0
var158,12,254973,C,G,0.04,0.577,2.24,0
var159,8,284097,G,C,0.405,0.648,2.57,0
var160,22,995423,A,A,0.516,0.029,1.48,0
var161,27,377826,T,A,0.581,0.618,0.39,0
var162,3,515257,A,C,0.936,0.51,2.09,0
var163,1,855321,G,A,0.672,0.546,0.62,0
var164,3,680181,T,T,0.481,0.359,1.32,0
var165,5,431783,G,A,0.81,0.081,0.2,0
var166,15,116374,C,C,0.951,0.193,2.48,0
var167,14,550148,C,C,0.022,0.951,0.38,0
var168,3,677555,G,T,0.983,0.409,2.71,0
var169,1,602763,T,G,0.086,0.467,2.59,0
var170,5,485090,T,C,0.814,0.053,1.39,0
var171,26,874698,A,T,0.28,0.038,2.23,0
var172,23,677787,C,A,0.132,0.717,1.86,1
var173,14,888164,A,A,0.44,0.538,2.41,0
var174,7,290227,A,T,0.644,0.509,1.3,0
var175,27,743406,G,T,0.381,0.243,2.36,0
var176,9,844804,G,C,0.055,0.745,1.39,0
var177,15,649074,A,A,0.599,0.168,2.82,0
var178,15,962568,C,T,0.902,0.19,1.46,0
var179,26,533101,G,A,0.383,0.461,1.39,0
var180,10,32598,A,T,0.216,0.286,2.36,0
var181,28,506934,A,A,0.443,0.247,2.46,0
var182,13,783239,A,G,0.048,0.645,1.66,1
var183,19,618394,A,C,0.82,0.651,0.54,0
var184,7,290226,A,A,0.826,0.825,1.4,0
var185,17,816673,A,G,0.588,0.418,2.9,0
var186,20,228286,G,A,0.353,0.073,2.26,0
var187,29,438785,C,A,0.8,0.274,2.43,0
var188,4,12745,A,G,0.555,0.98,0.1,0
var189,5,813461,T,A,0.826,0.596,1.4,0
var190,23,145097,G,A,0.631,0.71,1.94,0
var191,7,233732,G,C,0.784,0.007,2.49,0
var192,13,910827,A,G,0.599,0.518,0.15,0
var193,15,670648,G,G,0.414,0.038,2.56,0
var194,11,614474,A,T,0.958,0.569,1.65,0
var195,29,925044,C,A,0.541,0.921,0.59,0
var196,4,885200,C,C,0.605,0.968,0.95,0
var197,13,214030,G,A,0.22,0.541,0.85,0
var198,7,725238,G,A,0.626,0.458,1.59,0
var199,27,567134,T,T,0.572,0.945,0.16,0
var200,19,339076,G,A,0.185,0.674,0.48,0
var201,22,149554,T,C,0.06,0.065,2.44,0
var202,28,286555,C,C,0.604,0.466,0.4,0
var203,2,445191,C,T,0.764,0.24,0.7,0
var204,10,454761,A,A,0.523,0.47,1.36,0
var205,13,506518,C,C,0.227,0.455,1.55,0
var206,25,341941,T,A,0.667,0.582,2.29,0
var207,21,315451,G,A,0.08,0.357,1.34,0
var208,6,921597,A,A,0.442,0.164,2.37,0
var209,28,995762,T,T,0.163,0.504,1.86,0
var210,28,285186,G,A,0.184,0.83,0.34,0
var211,12,578218,A,C,0.202,0.664,0.47,0
var212,12,773944,C,A,0.387,0.338,1.31,0
var213,20,438629,T,C,0.051,0.936,1.19,0
var214,11,769747,G,A,0.398,0.912,2.23,0
var215,26,225695,A,C,0.512,0.209,1.74,0
var216,23,885315,A,C,0.483,0.039,1.16,0
var217,28,296900,C,A,0.383,0.741,0.51,0
var218,25,54268,G,A,0.839,0.828,0.68,0
var219,7,433430,C,C,0.145,0.968,1.73,1
var220,1,213943,C,G,0.506,0.89,1.27,0
var221,1,784204,G,T,0.062,0.601,1.54,1
var222,25,422818,G,G,0.071,0.53,0.51,0
var223,27,709691,G,G,0.574,0.028,1.99,0
var224,25,574189,T,A,0.566,0.247,2.56,0
var225,20,363130,G,T,0.878,0.46,0.77,0
var226,13,195488,A,G,0.558,0.629,1.47,0
var227,9,688556,C,A,0.96,0.557,2.93,0
var228,3,391530,T,G,0.049,0.743,1.0,0
var229,7,793058,G,G,0.098,0.28,1.79,0
var230,6,663784,T,A,0.044,0.565,0.27,0
var231,8,800289,G,A,0.185,0.088,1.82,0
var232,27,242531,T,A,0.541,0.414,0.27,0
var233,9,247693,C,T,0.646,0.75,2.88,0
var234,5,938486,C,G,0.046,0.693,2.15,1
var235,1,995465,A,A,0.946,0.991,2.36,0
var236,19,920484,A,C,0.842,0.278,2.11,0
var237,10,704650,G,G,0.297,0.498,1.77,0
var238,12,551719,C,C,0.077,0.33,1.35,0
var239,24,872408,T,T,0.17,0.441,2.58,0
var240,15,239360,T,A,0.127,0.857,2.87,1
var241,27,345855,T,C,0.123,0.684,1.5,0
var242,22,508403,A,T,0.519,0.882,2.79,0
var243,24,27385,T,A,0.246,0.204,1.75,0
var244,9,432374,A,C,0.358,0.873,1.62,0
var245,20,417235,A,C,0.99,0.06,1.36,0
var246,17,281783,G,T,0.684,0.889,0.63,0
var247,17,86530,T,A,0.949,0.329,0.01,0
var248,26,756271,T,A,0.143,0.315,0.72,0
var249,20,284707,C,C,0.382,0.512,1.53,0
var250,12,957845,G,C,0.555,0.941,1.14,0
var251,7,378816,C,C,0.077,0.048,1.35,0
var252,2,924280,G,A,0.004,0.352,2.94,0
var253,3,430660,T,T,0.67,0.857,1.05,0
var254,17,987420,A,T,0.642,0.396,1.36,0
var255,5,402927,A,A,0.411,0.199,0.4,0
var256,17,730678,A,G,0.49,0.425,0.14,0
var257,24,346114,A,T,0.415,0.386,2.33,0
var258,17,244373,A,C,0.024,0.915,1.71,1
var259,27,348697,C,G,0.335,0.762,2.28,0
var260,17,162779,G,G,0.177,0.505,0.45,0
var261,2,171182,T,T,0.098,0.988,1.72,1
var262,2,718148,C,G,0.957,0.465,0.76,0
var263,28,608167,G,G,0.599,0.058,0.68,0
var264,22,957331,A,T,0.729,0.262,0.03,0
var265,23,239260,G,T,0.315,0.436,0.39,0
var266,5,924159,G,G,0.393,0.157,0.93,0
var267,1,832291,A,C,0.237,0.948,0.35,0
var268,1,972129,A,A,0.097,0.767,2.96,1
var269,19,839530,A,G,0.179,0.268,0.93,0
var270,2,671611,T,G,0.798,0.591,0.39,0
var271,21,647701,A,C,0.678,0.721,0.6,0
var272,12,787958,T,G,0.547,0.941,1.76,0
var273,26,331904,A,G,0.475,0.882,0.19,0
var274,6,48837,T,A,0.922,0.515,2.59,0
var275,23,519349,G,A,0.073,0.775,2.88,1
var276,4,785838,C,A,0.281,0.562,0.74,0
var277,23,798968,G,T,0.35,0.553,1.35,0
var278,11,553829,G,T,0.782,0.115,0.07,0
var279,24,80083,A,A,0.993,0.126,1.92,0
var280,27,969531,T,A,0.241,0.53,1.24,0
var281,17,559819,C,T,0.874,0.269,0.81,0
var282,6,271856,A,C,0.831,0.021,0.62,0
var283,24,367245,A,G,0.225,0.723,1.96,1
var284,5,852887,A,G,0.399,0.032,1.25,0
var285,20,600032,G,A,0.41,0.595,0.54,0
var286,2,778147,T,C,0.978,0.539,2.07,0
var287,6,655037,T,T,0.181,0.969,1.7,1
var288,22,792541,C,A,0.799,0.484,2.58,0
var289,11,836700,T,C,0.334,0.064,0.35,0
var290,16,757097,T,C,0.731,0.552,2.36,0
var291,16,842047,A,C,0.42,0.841,2.02,0
var292,1,607791,A,T,0.578,0.997,0.35,0
var293,9,255346,G,T,0.833,0.43,2.08,0
var294,28,948263,A,G,0.804,0.32,1.32,0
var295,27,610996,A,G,0.866,0.907,2.83,0
var296,6,716472,A,C,0.06,0.191,0.42,0
var297,16,627759,A,C,0.692,0.615,1.93,0
var298,29,779513,G,T,0.14,0.406,1.15,0
var299,3,158661,A,G,0.416,0.041,2.87,0
var300,20,686375,C,C,0.549,0.347,0.99,0
var301,28,161081,C,G,0.403,0.265,2.89,0
var302,27,870741,C,G,0.52,0.686,2.7,0
var303,4,389590,C,C,0.997,0.949,0.81,0
var304,19,718406,A,T,0.135,0.268,2.41,0
var305,26,894093,C,C,0.675,0.811,2.99,0
var306,3,682503,A,C,0.396,0.055,0.76,0
var307,19,7154,G,G,0.133,0.538,1.31,0
var308,20,678164,C,C,0.159,0.071,1.56,0
var309,7,960192,T,T,0.949,0.934,0.88,0
var310,20,65288,C,C,0.88,0.766,0.05,0
var311,9,52195,C,T,0.907,0.658,0.66,0
var312,1,283725,A,T,0.992,0.824,0.85,0
var313,8,446864,C,G,0.208,0.648,1.33,0
var314,7,293231,T,A,0.355,0.969,0.51,0
var315,18,706290,A,A,0.669,0.714,2.62,0
var316,8,165053,A,G,0.484,0.925,2.11,0
var317,1,594586,G,C,0.418,0.517,0.26,0
var318,11,833599,G,G,0.358,0.117,1.95,0
var319,28,731664,C,T,0.594,0.528,1.96,0
var320,25,437624,G,A,0.576,0.127,2.87,0
var321,25,40499,G,G,0.161,0.592,0.01,0
var322,18,388960,G,C,0.472,0.482,0.74,0
var323,23,446485,A,G,0.553,0.623,2.78,0
var324,10,694919,A,A,0.57,0.01,2.8,0
var325,3,246198,A,G,0.21,0.195,2.16,0
var326,7,468535,G,G,0.742,0.491,2.3,0
var327,28,768285,A,A,0.025,0.951,0.27,0
var328,16,621635,G,T,0.355,0.384,1.54,0
var329,26,311931,A,T,0.78,0.424,0.69,0
var330,16,298632,A,A,0.564,0.715,0.54,0
var331,25,337585,T,G,0.261,0.604,2.43,1
var332,20,731023,C,A,0.695,0.299,0.41,0
var333,28,23431,G,T,0.567,0.411,1.41,0
var334,17,324825,T,C,0.796,0.218,2.82,0
var335,2,195555,A,G,0.735,0.966,0.56,0
var336,1,648008,G,T,0.61,0.131,2.93,0
var337,16,574441,A,G,0.488,0.372,2.98,0
var338,12,269512,C,A,0.133,0.026,1.67,0
var339,5,945928,T,C,0.261,0.222,0.51,0
var340,5,899792,C,A,0.419,0.78,0.95,0
var341,27,177076,T,C,0.599,0.201,1.27,0
var342,23,220724,A,G,0.514,0.08,0.93,0
var343,9,900187,C,G,0.288,0.474,0.84,0
var344,9,582273,C,A,0.006,0.01,2.92,0
var345,3,837501,A,C,0.496,0.085,0.46,0
var346,19,315470,C,C,0.286,0.808,2.2,1
var347,16,634025,G,G,0.735,0.771,0.0,0
var348,16,737421,T,A,0.024,0.915,1.79,1
var349,3,679758,T,C,0.585,0.855,2.75,0
var350,20,754753,T,G,0.941,0.683,0.86,0
var351,24,51861,G,T,0.174,0.052,0.56,0
var352,22,339041,T,A,0.472,0.783,1.96,0
var353,24,213977,A,T,0.091,0.846,2.14,1
var354,1,652406,C,A,0.626,0.799,2.06,0
var355,24,856009,G,G,0.551,0.508,0.96,0
var356,20,722001,T,C,0.407,0.233,0.76,0
var357,11,10078,A,C,0.521,0.845,2.87,0
var358,17,943507,C,C,0.897,0.727,2.77,0
var359,8,325912,C,A,0.196,0.981,1.37,0
var360,4,576335,G,G,0.023,0.156,2.54,0
var361,6,859058,G,T,0.862,0.226,1.36,0
var362,8,845092,G,G,0.577,0.212,1.27,0
var363,20,760746,A,T,0.891,0.793,0.47,0
var364,3,968290,A,A,0.597,0.187,1.28,0
var365,16,396141,G,A,0.81,0.067,1.61,0
var366,25,216048,T,T,0.43,0.999,0.07,0
var367,3,761581,C,T,0.75,0.025,1.33,0
var368,25,643120,C,T,0.913,0.835,2.34,0
var369,29,917838,A,G,0.572,0.365,2.04,0
var370,18,650438,C,T,0.181,0.842,1.91,1
var371,14,158087,T,A,0.269,0.555,2.73,0
var372,18,34320,C,A,0.199,0.902,0.05,0
var373,2,328025,A,C,0.247,0.926,1.67,1
var374,22,616115,A,T,0.306,0.009,2.36,0
var375,3,514287,T,G,0.555,0.075,1.62,0
var376,16,365359,T,G,0.588,0.25,0.97,0
var377,29,944793,C,G,0.426,0.669,0.41,0
var378,9,260931,C,C,0.615,0.888,2.66,0
var379,4,921893,A,A,0.082,0.46,1.41,0
var380,1,944187,T,G,0.088,0.607,2.63,1
var381,4,407845,T,A,0.172,0.188,1.76,0
var382,1,848982,T,C,0.518,0.805,2.02,0
var383,14,550114,C,T,0.214,0.967,2.41,1
var384,21,101734,T,T,0.283,0.269,1.98,0
var385,16,158702,A,T,0.4,0.495,1.19,0
var386,20,755122,A,G,0.812,0.086,1.54,0
var387,24,178235,C,T,0.014,0.559,2.41,0
var388,8,99511,G,G,0.649,0.503,1.12,0
var389,7,984939,C,C,0.669,0.144,1.16,0
var390,3,274797,G,C,0.799,0.442,0.29,0
var391,17,684321,T,G,0.933,0.334,2.74,0
var392,1,607229,C,A,0.02,0.522,0.27,0
var393,16,730497,A,T,0.154,0.586,1.94,0
var394,12,821094,T,T,0.886,0.008,1.24,0
var395,27,99818,A,T,0.459,0.761,1.22,0
var396,19,974950,T,G,0.565,0.713,2.04,0
var397,22,153360,C,C,0.663,0.366,0.2,0
var398,23,778915,G,T,0.679,0.053,1.78,0
var399,22,620369,T,C,0.932,0.755,2.32,0
var400,14,562165,G,T,0.997,0.955,2.48,0
var401,6,374706,T,T,0.72,0.24,0.51,0
var402,6,933817,A,G,0.287,0.324,2.69,0
var403,13,212957,A,A,0.88,0.184,1.97,0
var404,19,73715,T,G,0.049,0.577,2.65,0
var405,22,142398,G,T,0.231,0.155,1.46,0
var406,8,635379,C,T,0.897,0.356,1.63,0
var407,27,520052,C,A,0.256,0.697,2.76,1
var408,27,133632,A,C,0.221,0.56,2.7,0
var409,2,866580,C,C,0.138,0.386,1.34,0
var410,21,84186,A,T,0.859,0.42,0.82,0
var411,1,945249,C,C,0.5,0.562,1.18,0
var412,28,688250,T,T,0.675,0.006,1.16,0
var413,15,152094,A,A,0.239,0.079,0.86,0
var414,1,911061,A,A,0.758,0.881,0.81,0
var415,5,971083,T,T,0.76,0.078,2.58,0
var416,28,595604,A,A,0.313,0.707,0.21,0
var417,29,29380,C,G,0.411,0.92,2.03,0
var418,16,635486,C,G,0.21,0.271,0.52,0
var419,19,265500,A,A,0.977,0.37,1.03,0
var420,4,71326,C,T,0.646,0.569,0.18,0
var421,3,879879,G,T,0.935,0.882,0.81,0
var422,17,640282,A,A,0.303,0.942,2.31,0
var423,17,221971,T,C,0.782,0.74,2.66,0
var424,12,807481,G,G,0.766,0.087,0.66,0
var425,28,469933,A,C,0.692,0.669,1.39,0
var426,29,892793,T,T,0.966,0.41,1.41,0
var427,14,803514,C,T,0.394,0.471,2.62,0
var428,21,788093,T,C,0.131,0.049,2.29,0
var429,6,169484,G,A,0.672,0.191,1.54,0
var430,3,790352,C,C,0.729,0.791,2.01,0
var431,28,485410,A,C,0.575,0.454,2.54,0
var432,9,770666,C,G,0.207,0.302,0.03,0
var433,5,978819,A,G,0.504,0.384,1.21,0
var434,24,342705,A,C,0.312,0.854,2.72,0
var435,29,796378,T,C,0.427,0.749,2.22,0
var436,17,226314,T,T,0.645,0.272,1.63,0
var437,14,439716,T,G,0.745,0.118,1.59,0
var438,21,760900,G,G,0.232,0.252,1.04,0
var439,3,803741,G,T,0.405,0.921,1.56,0
var440,28,580518,T,A,0.269,0.582,1.97,0
var441,1,899254,G,G,0.199,0.533,1.26,0
var442,20,492872,C,G,0.783,0.596,2.14,0
var443,29,517998,C,A,0.909,0.366,2.58,0
var444,21,948531,G,G,0.37,0.807,0.46,0
var445,23,520984,G,G,0.751,0.523,1.35,0
var446,1,466757,C,A,0.897,0.117,1.22,0
var447,3,375484,A,A,0.846,0.129,2.06,0
var448,18,509062,C,C,0.183,0.537,0.75,0
var449,25,584609,C,T,0.956,0.937,1.92,0
var450,10,133028,G,T,0.377,0.308,2.63,0
var451,22,232447,C,A,0.339,0.87,1.25,0
var452,26,861563,G,A,0.062,0.764,2.73,1
var453,3,442124,G,G,0.486,0.248,2.98,0
var454,8,996843,T,C,0.109,0.036,0.32,0
var455,14,813395,C,C,0.249,0.102,0.7,0
var456,24,627045,A,A,0.317,0.728,2.85,0
var457,18,433659,T,G,0.809,0.2,2.87,0
var458,15,886691,G,G,0.875,0.371,0.29,0
var459,22,302207,G,T,0.302,0.502,0.04,0
var460,23,377369,A,T,0.859,0.725,0.48,0
var461,2,379544,G,G,0.857,0.113,2.99,0
var462,27,343962,C,T,0.765,0.406,0.54,0
var463,10,267847,T,A,0.147,0.485,1.51,0
var464,2,721488,G,G,0.69,0.541,2.55,0
var465,26,597387,G,T,0.945,0.818,0.06,0
var466,17,420065,A,C,0.683,0.172,1.81,0
var467,8,688220,C,G,0.332,0.808,0.83,0
var468,1,32585,G,G,0.501,0.693,2.59,0
var469,9,416231,A,C,0.646,0.556,0.85,0
var470,11,996043,G,A,0.511,0.7,2.06,0
var471,22,568873,A,C,0.12,0.412,2.02,0
var472,16,290102,A,G,0.312,0.138,0.66,0
var473,7,289161,C,A,0.802,0.666,0.1,0
var474,29,995211,G,T,0.861,0.525,1.23,0
var475,10,387821,C,T,0.137,0.639,0.87,0
var476,23,963854,A,T,0.952,0.338,2.43,0
var477,26,930705,T,G,0.329,0.907,2.4,0
var478,3,816858,G,C,0.662,0.587,1.37,0
var479,18,280922,T,A,0.752,0.085,1.82,0
var480,25,701601,G,T,0.812,0.45,1.81,0
var481,24,43229,C,A,0.946,0.756,2.48,0
var482,13,87652,C,G,0.313,0.794,1.28,0
var483,28,915699,C,T,0.859,0.495,0.83,0
var484,26,250474,C,G,0.132,0.895,0.8,0
var485,7,704724,C,C,0.705,0.268,1.61,0
var486,25,913935,T,G,0.742,0.411,1.35,0
var487,4,261116,C,G,0.678,0.899,1.32,0
var488,13,872310,A,C,0.252,0.896,0.27,0
var489,20,844488,A,A,0.873,0.686,2.16,0
var490,1,945994,T,C,0.169,0.859,0.64,0
var491,8,521985,G,C,0.054,0.089,0.59,0
var492,14,20975,A,G,0.717,0.865,1.24,0
var493,16,158795,G,A,0.475,0.321,0.68,0
var494,14,417495,T,T,0.849,0.178,1.75,0
var495,12,210373,G,C,0.383,0.239,1.11,0
var496,19,930065,G,A,0.168,0.418,1.35,0
var497,23,198133,G,C,0.836,0.251,1.61,0
var498,15,875829,G,C,0.549,0.321,0.61,0
var499,28,705513,T,C,0.189,0.135,0.47,0
var500,2,296286,A,C,0.72,0.296,2.64,0
var501,2,814348,C,G,0.511,0.572,1.3,0
var502,23,589612,G,A,0.604,0.442,1.24,0
var503,22,177037,A,A,0.461,0.347,0.11,0
var504,19,389076,A,A,0.829,0.746,1.49,0
var505,25,661008,T,C,0.83,0.894,1.66,0
var506,26,691493,A,G,0.709,0.757,1.68,0
var507,29,969181,T,C,0.105,0.332,2.12,0
var508,22,621347,G,C,0.839,0.744,0.53,0
var509,26,623605,G,A,0.671,0.152,0.76,0
var510,26,726495,C,C,0.697,0.13,2.43,0
var511,22,298190,C,T,0.363,0.346,2.84,0
var512,17,441280,C,C,0.879,0.808,0.41,0
var513,20,102459,A,T,0.725,0.246,1.49,0
var514,10,762985,G,C,0.113,0.063,0.64,0
var515,6,201422,T,G,0.408,0.132,0.18,0
var516,15,833325,C,G,0.886,0.859,0.98,0
var517,22,102520,T,A,0.047,0.634,0.43,0
var518,11,913250,T,C,0.961,0.253,2.13,0
var519,28,586560,C,T,0.679,0.555,1.6,0
var520,5,748512,G,T,0.631,0.528,0.43,0
var521,1,517123,C,C,0.271,0.655,0.03,0
var522,8,330793,T,T,0.249,0.233,2.42,0
var523,21,327818,C,G,0.942,0.864,0.53,0
var524,28,145832,T,T,0.298,0.309,1.82,0
var525,12,153999,T,A,0.776,0.694,1.01,0
var526,12,349619,C,G,0.393,0.016,1.76,0
var527,5,62367,A,G,0.139,0.373,0.95,0
var528,7,754315,C,G,0.011,0.352,0.26,0
var529,4,406804,A,C,0.544,0.543,0.67,0
var530,6,909182,T,C,0.976,0.073,0.56,0
var531,13,758038,T,G,0.369,0.79,1.28,0
var532,20,236806,A,C,0.357,0.218,1.97,0
var533,15,905586,T,T,0.344,0.677,0.79,0
var534,3,708593,A,C,0.521,0.803,0.04,0
var535,23,45738,A,C,0.441,0.562,1.56,0
var536,8,558685,T,G,0.88,0.741,1.82,0
var537,20,345333,G,A,0.506,0.662,2.89,0
var538,16,339511,A,A,0.508,0.356,1.77,0
var539,13,203332,C,A,0.138,0.809,1.41,0
var540,18,383729,C,T,0.983,0.295,1.72,0
var541,28,864051,T,C,0.25,0.571,2.78,0
var542,10,112453,G,A,0.073,0.745,2.49,1
var543,19,20816,T,G,0.663,0.379,0.97,0
var544,17,960744,G,A,0.595,0.303,0.71,0
var545,24,924780,A,A,0.415,0.459,0.79,0
var546,19,770299,A,C,0.422,0.818,1.51,0
var547,28,866962,A,C,0.785,0.93,2.23,0
var548,26,417715,A,C,0.196,0.545,1.51,0
var549,23,372000,C,T,0.82,0.661,0.2,0
var550,26,214567,C,T,0.649,0.903,2.17,0
var551,5,515933,T,A,0.419,0.099,2.42,0
var552,26,596923,G,C,0.458,0.232,0.87,0
var553,21,895235,A,A,0.257,0.709,1.99,1
var554,23,217184,A,G,0.752,0.824,1.28,0
var555,9,299090,G,G,0.513,0.857,2.67,0
var556,12,318348,G,C,0.321,0.415,2.54,0
var557,21,183958,T,C,0.596,0.089,1.58,0
var558,1,990156,G,G,0.996,0.438,2.07,0
var559,26,278707,A,C,0.435,0.231,2.65,0
var560,26,93324,A,T,0.921,0.291,1.49,0
var561,1,224536,A,T,0.345,0.772,0.94,0
var562,15,758232,A,C,0.055,0.076,2.26,0
var563,2,272991,A,G,0.204,0.828,0.66,0
var564,22,27155,T,A,0.419,0.428,1.17,0
var565,16,342815,A,C,0.22,0.596,2.6,0
var566,25,642179,T,C,0.0,0.09,2.17,0
var567,8,870742,A,A,0.915,0.337,1.21,0
var568,13,461494,C,C,0.844,0.09,0.64,0
var569,21,150381,C,A,0.742,0.962,1.07,0
var570,1,132691,C,G,0.168,0.807,0.85,0
var571,16,477410,C,T,0.12,0.46,0.53,0
var572,29,444324,T,G,0.068,0.224,2.23,0
var573,7,35707,T,T,0.724,0.933,0.76,0
var574,5,938841,G,A,0.929,0.345,1.36,0
var575,22,519477,A,T,0.431,0.161,1.16,0
var576,29,868969,C,G,0.119,0.563,2.95,0
var577,23,722864,T,T,0.512,0.944,1.17,0
var578,3,703974,A,A,0.349,0.004,0.24,0
var579,12,747788,A,T,0.375,0.238,0.27,0
var580,26,354299,T,C,0.621,0.938,1.77,0
var581,16,787713,C,G,0.719,0.171,1.8,0
var582,19,159492,G,C,0.111,0.113,1.26,0
var583,5,475112,A,A,0.036,0.57,1.3,0
var584,22,171102,G,T,0.994,0.862,0.16,0
var585,25,395274,C,C,0.233,0.477,1.55,0
var586,29,218285,C,C,0.054,0.995,1.51,1
var587,14,339404,G,T,0.19,0.679,0.45,0
var588,28,160476,C,T,0.039,0.074,0.31,0
var589,5,759842,A,G,0.392,0.993,0.37,0
var590,15,161928,G,C,0.802,0.408,0.3,0
var591,17,665560,C,C,0.341,0.287,1.83,0
var592,14,851610,G,A,0.444,0.558,0.59,0
var593,20,297141,A,G,0.676,0.304,0.75,0
var594,5,944115,C,A,0.509,0.086,0.52,0
var595,12,644561,A,C,0.861,0.001,2.87,0
var596,16,697595,C,A,0.866,0.45,2.56,0
var597,26,249500,T,C,0.01,0.837,0.69,0
var598,26,691417,C,C,0.778,0.572,0.98,0
var599,16,133311,G,A,0.461,0.999,0.63,0
var600,21,760034,C,A,0.989,0.287,1.48,0
var601,7,246546,A,T,0.483,0.28,0.06,0
var602,4,197733,A,T,0.987,0.16,2.01,0
var603,1,652233,C,T,0.755,0.164,1.57,0
var604,5,570560,G,C,0.249,0.285,2.7,0
var605,23,876825,T,A,0.538,0.793,0.49,0
var606,26,848644,G,G,0.992,0.906,2.41,0
var607,10,147470,T,C,0.858,0.975,2.38,0
var608,22,645318,A,G,0.097,0.232,0.38,0
var609,5,319647,G,A,0.706,0.881,1.2,0
var610,4,925142,T,C,0.346,0.328,0.51,0
var611,2,7570,C,G,0.007,0.113,0.76,0
var612,20,331929,A,G,0.403,0.87,0.79,0
var613,10,534398,C,T,0.235,0.636,1.67,1
var614,26,500115,A,T,0.819,0.165,1.23,0
var615,19,80141,G,T,0.337,0.43,2.84,0
var616,26,13115,G,C,0.828,0.287,0.38,0
var617,1,40062,A,A,0.001,0.737,2.92,1
var618,24,810343,A,A,0.308,0.453,0.69,0
var619,5,629349,A,T,0.241,0.989,2.32,1
var620,13,295700,G,T,0.234,0.055,1.02,0
var621,4,996635,T,T,0.068,0.355,0.43,0
var622,16,391479,C,G,0.187,0.482,2.57,0
var623,24,527257,C,T,0.556,0.503,0.93,0
var624,16,831185,G,G,0.291,0.316,1.98,0
var625,23,398686,C,A,0.417,0.729,1.7,0
var626,2,122863,A,C,0.377,0.875,1.42,0
var627,17,797657,T,C,0.876,0.939,1.49,0
var628,28,502076,C,C,0.905,0.805,2.2,0
var629,27,648296,T,C,0.493,0.851,0.26,0
var630,20,501726,A,G,0.33,0.551,2.0,0
var631,24,679556,C,G,0.107,0.826,2.69,1
var632,12,631111,G,T,0.953,0.304,0.17,0
var633,18,801101,T,G,0.06,0.398,0.42,0
var634,3,955884,A,T,0.298,0.317,2.15,0
var635,28,911830,T,T,0.298,0.467,1.31,0
var636,1,635965,C,C,0.32,0.286,1.21,0
var637,1,772246,C,G,0.164,0.962,0.41,0
var638,29,49320,G,G,0.783,0.313,1.52,0
var639,19,965918,A,T,0.122,0.098,0.38,0
var640,11,497758,A,T,0.635,0.527,1.43,0
var641,5,147649,G,A,0.124,0.057,2.29,0
var642,12,126354,G,A,0.071,0.111,0.77,0
var643,3,613297,A,T,0.909,0.219,1.44,0
var644,1,782725,T,A,0.19,0.464,2.98,0
var645,1,449625,T,A,0.821,0.433,2.06,0
var646,8,29625,G,T,0.545,0.8,2.52,0
var647,10,737400,T,T,0.078,0.739,1.24,0
var648,11,287233,A,G,0.955,0.426,2.3,0
var649,12,37487,C,T,0.247,0.334,0.12,0
var650,29,460054,C,T,0.86,0.316,0.37,0
var651,13,229071,T,C,0.169,0.774,0.61,0
var652,12,897880,G,G,0.854,0.052,1.21,0
var653,14,489011,G,G,0.013,0.013,2.54,0
var654,2,313282,G,G,0.512,0.796,1.04,0
var655,29,174895,G,C,0.769,0.477,1.96,0
var656,19,431424,G,T,0.935,0.131,2.13,0
var657,18,317205,T,G,0.909,0.236,1.76,0
var658,3,949163,C,G,0.82,0.933,1.07,0
var659,23,102376,C,A,0.888,0.86,1.73,0
var660,17,426106,T,G,0.199,0.71,1.03,0
var661,26,866566,G,T,0.284,0.482,0.25,0
var662,8,834487,T,T,0.289,0.52,2.98,0
var663,29,768629,C,A,0.377,0.975,0.38,0
var664,26,282652,A,G,0.393,0.966,0.22,0
var665,10,960791,T,G,0.545,0.215,2.64,0
var666,26,473132,G,G,0.16,0.811,0.91,0
var667,2,159056,C,C,0.691,0.197,1.95,0
var668,19,635457,C,G,0.168,0.214,0.99,0
var669,9,795557,C,T,0.31,0.676,1.17,0
var670,7,561347,C,T,0.503,0.405,0.79,0
var671,4,463785,G,C,0.796,0.932,1.03,0
var672,26,628697,A,C,0.739,0.089,1.23,0
var673,21,935591,C,G,0.646,0.512,2.16,0
var674,18,500653,T,A,0.156,0.919,1.53,1
var675,13,530992,A,C,0.547,0.904,2.83,0
var676,11,979080,C,C,0.087,0.157,0.13,0
var677,29,729744,A,G,0.377,0.367,1.51,0
var678,24,743488,T,G,0.414,0.619,1.75,0
var679,4,636567,C,C,0.04,0.159,2.76,0
var680,25,990964,T,A,0.274,0.968,0.15,0
var681,21,683568,G,C,0.956,0.915,1.72,0
var682,29,643804,C,G,0.954,0.167,2.56,0
var683,25,523828,C,G,0.352,0.121,0.73,0
var684,4,479366,C,C,0.043,0.085,2.63,0
var685,10,722384,C,A,0.179,0.909,0.06,0
var686,5,958386,G,C,0.392,0.194,2.2,0
var687,9,420139,C,C,0.948,0.416,2.8,0
var688,24,520777,A,G,0.141,0.449,1.97,0
var689,3,377188,C,A,0.764,0.599,1.32,0
var690,17,233549,G,T,0.109,0.072,0.13,0
var691,3,554453,C,A,0.981,0.227,2.76,0
var692,16,592491,A,C,0.382,0.931,1.41,0
var693,4,485965,G,C,0.775,0.908,0.09,0
var694,18,791546,G,C,0.343,0.781,2.07,0
var695,17,983469,A,A,0.628,0.019,1.45,0
var696,7,37321,A,G,0.192,0.327,0.37,0
var697,24,336441,A,C,0.146,0.628,0.64,0
var698,23,884084,A,C,0.938,0.275,0.19,0
var699,5,886736,A,A,0.918,0.91,1.72,0
var700,12,246014,G,T,0.887,0.634,1.87,0
var701,17,157498,G,T,0.625,0.072,1.52,0
var702,23,18772,C,G,0.808,0.909,2.45,0
var703,13,891186,C,G,0.069,0.958,2.58,1
var704,23,791144,T,C,0.335,0.078,1.85,0
var705,25,395583,C,A,0.314,0.532,0.04,0
var706,3,239389,C,C,0.636,0.303,2.09,0
var707,9,640430,A,G,0.356,0.393,1.25,0
var708,17,617024,A,A,0.149,0.18,1.7,0
var709,17,52924,C,A,0.596,0.578,1.95,0
var710,20,529014,T,G,0.814,0.958,1.05,0
var711,16,352296,A,T,0.382,0.503,2.75,0
var712,25,28723,C,T,0.132,0.083,0.4,0
var713,22,914401,C,A,0.197,0.62,2.01,1
var714,13,759470,G,C,0.237,0.34,0.01,0
var715,27,887926,T,T,0.3,0.856,2.77,0
var716,19,665468,G,C,0.643,0.435,0.34,0
var717,17,209786,T,T,0.601,0.193,0.28,0
var718,4,560931,A,T,0.696,0.191,1.0,0
var719,12,687684,T,C,0.363,0.769,1.12,0
var720,29,891328,C,G,0.824,0.266,0.64,0
var721,9,215432,C,T,0.204,0.767,1.76,1
var722,19,140999,T,T,0.469,0.206,1.33,0
var723,12,881112,T,C,0.801,0.322,0.1,0
var724,9,359690,T,G,0.18,0.465,0.96,0
var725,7,940947,G,T,0.11,0.943,2.43,1
var726,28,80973,T,T,0.884,0.932,2.07,0
var727,14,850881,A,G,0.343,0.207,2.17,0
var728,20,635122,G,T,0.684,0.358,2.09,0
var729,19,761674,G,G,0.025,0.149,0.93,0
var730,26,995247,T,G,0.69,0.51,0.3,0
var731,15,454449,A,C,0.316,0.461,0.82,0
var732,16,288681,G,A,0.056,0.901,2.5,1
var733,21,495509,C,G,0.61,0.93,2.94,0
var734,5,865008,G,C,0.241,0.384,1.48,0
var735,3,632810,T,A,0.387,0.492,0.03,0
var736,12,547900,A,T,0.081,0.896,0.42,0
var737,25,226049,T,A,0.147,0.807,0.97,0
var738,20,269615,C,G,0.298,0.004,1.74,0
var739,27,167703,C,G,0.09,0.32,0.23,0
var740,21,765357,C,G,0.911,0.422,2.83,0
var741,4,748419,T,G,0.006,0.23,1.1,0
var742,21,32348,G,G,0.484,0.2,2.74,0
var743,23,196804,T,C,0.123,0.038,2.34,0
var744,16,788609,A,G,0.308,0.643,2.27,0
var745,25,136832,G,C,0.926,0.263,1.82,0
var746,7,295923,C,T,0.162,0.052,1.88,0
var747,13,284780,T,G,0.966,0.231,1.91,0
var748,21,607177,C,G,0.206,0.802,1.89,1
var749,10,54551,C,A,0.742,0.851,1.66,0
var750,26,405772,A,T,0.547,0.483,2.96,0
var751,7,946102,G,G,0.884,0.416,2.2,0
var752,14,667923,A,G,0.554,0.978,2.33,0
var753,26,572107,A,T,0.535,0.201,2.62,0
var754,5,336914,A,C,0.195,0.215,0.65,0
var755,3,421182,C,G,0.166,0.292,0.25,0
var756,23,213781,A,A,0.916,0.173,1.45,0
var757,29,454105,A,G,0.328,0.379,1.54,0
var758,11,683347,G,A,0.372,0.911,2.49,0
var759,11,866146,G,A,0.76,0.615,1.33,0
var760,18,714708,A,G,0.339,0.412,1.71,0
var761,15,549884,G,G,0.952,0.934,1.58,0
var762,12,951678,G,A,0.738,0.048,0.11,0
var763,9,851538,A,T,0.597,0.21,1.85,0
var764,10,988471,C,T,0.881,0.566,2.48,0
var765,26,60182,A,G,0.05,0.616,0.47,0
var766,12,350307,G,C,0.257,0.04,1.78,0
var767,17,302454,C,T,0.465,0.403,1.78,0
var768,29,319232,T,G,0.227,0.649,0.49,0
var769,6,654091,C,T,0.744,0.698,0.37,0
var770,7,140978,G,C,0.919,0.638,2.94,0
var771,14,824346,C,G,0.424,0.321,1.18,0
var772,13,897782,A,C,0.342,0.094,0.68,0
var773,8,570667,T,G,0.962,0.427,0.51,0
var774,10,472828,T,C,0.445,0.129,2.0,0
var775,9,771188,T,T,0.489,0.948,1.83,0
var776,18,259517,G,T,0.352,0.475,1.93,0
var777,27,956154,G,C,0.91,0.317,0.26,0
var778,26,441097,T,C,0.569,0.766,2.68,0
var779,2,309557,C,C,0.762,0.498,1.17,0
var780,5,138084,T,G,0.812,0.31,0.94,0
var781,29,706475,C,T,0.342,0.812,1.39,0
var782,5,794583,C,G,0.434,0.867,1.17,0
var783,6,583004,G,T,0.848,0.673,2.59,0
var784,19,881179,C,A,0.363,0.047,2.79,0
var785,8,749013,T,G,0.794,0.566,0.91,0
var786,16,692738,G,T,0.941,0.763,2.59,0
var787,13,699012,A,T,0.623,0.137,2.34,0
var788,1,204502,A,G,0.742,0.229,2.79,0
var789,22,145539,G,G,0.805,0.882,0.74,0
var790,20,425226,T,T,0.845,0.02,1.73,0
var791,17,522863,A,G,0.395,0.753,0.82,0
var792,7,122999,A,C,0.051,0.474,2.47,0
var793,25,115793,C,G,0.402,0.447,0.02,0
var794,13,973195,C,G,0.674,0.007,1.69,0
var795,4,458373,T,G,0.45,0.819,1.02,0
var796,4,371321,G,T,0.749,0.36,0.97,0
var797,6,13289,T,C,0.357,0.541,1.93,0
var798,28,701336,G,A,0.635,0.677,2.55,0
var799,19,699956,A,A,0.186,0.703,1.83,1
var800,29,941675,C,C,0.749,0.956,2.56,0
var801,12,756801,T,C,0.546,0.531,0.79,0
var802,22,258368,T,C,0.204,0.4,1.56,0
var803,7,87365,G,T,0.292,0.954,1.35,0
var804,27,755950,G,A,0.749,0.642,0.03,0
var805,10,901446,T,C,0.483,0.298,1.67,0
var806,26,176211,G,T,0.216,0.126,1.98,0
var807,19,180785,T,A,0.967,0.843,1.78,0
var808,7,948238,T,G,0.715,0.362,2.21,0
var809,3,73588,T,T,0.957,0.66,1.71,0
var810,13,64646,A,A,0.427,0.471,0.2,0
var811,13,266798,G,T,0.475,0.199,0.35,0
var812,18,483238,C,A,0.898,0.602,1.79,0
var813,28,806175,C,A,0.525,0.061,0.82,0
var814,26,835800,G,G,0.707,0.413,0.24,0
var815,20,746385,T,T,0.252,0.547,1.29,0
var816,28,730532,C,C,0.447,0.436,1.66,0
var817,8,924945,C,G,0.123,0.749,0.99,0
var818,29,120735,G,G,0.206,0.828,2.16,1
var819,9,156683,C,A,0.001,0.771,1.93,1
var820,7,907323,T,C,0.039,0.039,1.0,0
var821,1,633259,G,T,0.977,0.194,2.26,0
var822,3,537437,T,C,0.242,0.537,1.95,0
var823,13,363246,C,C,0.663,0.935,1.91,0
var824,28,322333,C,C,0.839,0.835,1.66,0
var825,25,764264,T,C,0.551,0.843,0.03,0
var826,28,940179,A,C,0.153,0.303,2.09,0
var827,17,858463,C,A,0.728,0.429,1.13,0
var828,25,567956,A,A,0.6,0.471,2.83,0
var829,24,407889,C,G,0.731,0.157,2.45,0
var830,1,995170,A,A,0.77,0.031,1.76,0
var831,6,613492,A,G,0.975,0.947,0.76,0
var832,21,212830,A,G,0.574,0.241,0.61,0
var833,6,197501,T,T,0.342,0.24,1.02,0
var834,26,417885,A,C,0.648,0.083,1.43,0
var835,12,166140,A,A,0.068,0.929,0.89,0
var836,13,745149,A,T,0.897,0.58,1.54,0
var837,13,141507,C,A,0.119,0.667,0.5,0
var838,29,226160,A,G,0.328,0.912,2.93,0
var839,15,184321,C,A,0.816,0.346,0.32,0
var840,21,562672,A,C,0.597,0.622,2.8,0
var841,16,522998,A,G,0.394,0.039,2.74,0
var842,22,607217,T,G,0.473,0.187,1.58,0
var843,21,915391,C,T,0.855,0.831,2.17,0
var844,11,601441,A,C,0.34,0.767,1.31,0
var845,28,760416,C,G,0.87,0.351,1.89,0
var846,5,76388,C,C,0.088,0.377,1.02,0
var847,4,556689,G,A,0.777,0.534,0.9,0
var848,3,519727,T,C,0.848,0.0,1.73,0
var849,19,728191,T,G,0.182,0.241,1.49,0
var850,20,644791,T,T,0.43,0.208,1.74,0
var851,25,233601,G,G,0.165,0.25,0.86,0
var852,18,128834,G,C,0.707,0.806,1.1,0
var853,15,35084,T,C,0.535,0.28,0.25,0
var854,9,252459,G,G,0.635,0.192,0.16,0
var855,17,635929,G,C,0.196,0.504,0.76,0
var856,14,106111,G,A,0.212,0.866,0.22,0
var857,15,450042,T,G,0.041,0.241,0.31,0
var858,1,430667,T,T,0.322,0.079,2.44,0
var859,21,663587,T,G,0.56,0.356,0.12,0
var860,22,163982,G,A,0.858,0.748,1.98,0
var861,22,299185,T,A,0.667,0.551,0.82,0
var862,3,876352,G,A,0.435,0.817,2.61,0
var863,16,328825,A,A,0.953,0.96,1.45,0
var864,23,235386,G,A,0.719,0.793,0.92,0
var865,25,344715,C,T,0.93,0.604,1.55,0
var866,11,197553,T,C,0.528,0.493,1.15,0
var867,12,462792,T,A,0.259,0.04,1.69,0
var868,10,502174,C,A,0.053,0.984,0.34,0
var869,16,785625,G,G,0.726,0.383,2.99,0
var870,8,652844,A,T,0.121,0.152,1.28,0
var871,6,196246,C,T,0.303,0.667,1.04,0
var872,12,551448,C,C,0.532,0.284,2.13,0
var873,24,247242,G,T,0.564,0.586,1.09,0
var874,28,512083,T,G,0.601,0.587,2.5,0
var875,21,18633,G,G,0.166,0.446,1.36,0
var876,8,804446,C,C,0.38,0.836,2.16,0
var877,26,867964,C,G,0.617,0.265,0.32,0
var878,28,50104,T,A,0.97,0.449,2.54,0
var879,4,960125,T,A,0.728,0.538,2.21,0
var880,26,864663,T,G,0.923,0.664,0.64,0
var881,8,69388,G,C,0.762,0.784,0.44,0
var882,26,541302,T,T,0.592,0.395,0.95,0
var883,28,93578,C,C,0.192,0.646,2.93,1
var884,18,690115,C,T,0.667,0.151,0.77,0
var885,28,565678,A,G,0.623,0.933,1.37,0
var886,28,286855,G,G,0.602,0.383,0.09,0
var887,5,92658,A,A,0.49,0.73,1.19,0
var888,9,58993,C,T,0.529,0.02,1.71,0
var889,4,206768,A,C,0.334,0.205,2.86,0
var890,27,159285,C,G,0.519,0.487,1.55,0
var891,22,772148,A,C,0.198,0.878,2.46,1
var892,17,452000,T,A,0.805,0.527,1.64,0
var893,9,794853,A,T,0.186,0.93,0.12,0
var894,1,743296,T,T,0.085,0.484,0.95,0
var895,21,543015,T,G,0.436,0.49,1.73,0
var896,20,899850,G,T,0.658,0.12,2.85,0
var897,13,529646,T,G,0.438,0.803,2.58,0
var898,28,328252,T,A,0.277,0.247,0.69,0
var899,16,258681,A,T,0.558,0.9,0.66,0
var900,29,95018,C,G,0.347,0.911,0.6,0
var901,13,387601,G,C,0.933,0.943,2.77,0
var902,14,950621,T,G,0.923,0.52,2.56,0
var903,3,295054,G,T,0.502,0.677,2.32,0
var904,29,652176,A,A,0.328,0.779,1.18,0
var905,6,230104,T,T,0.737,0.131,1.51,0
var906,18,843186,A,T,0.037,0.601,1.39,0
var907,19,194510,G,G,0.475,0.034,0.76,0
var908,5,110847,A,C,0.336,0.498,1.52,0
var909,15,947875,G,T,0.921,0.155,0.09,0
var910,25,445717,A,C,0.012,0.183,0.4,0
var911,2,455162,G,G,0.553,0.365,2.66,0
var912,10,825899,C,C,0.741,0.432,2.26,0
var913,24,936129,A,G,0.485,0.623,1.27,0
var914,18,297037,A,A,0.085,0.074,1.55,0
var915,27,77329,C,C,0.972,0.504,1.11,0
var916,13,32007,C,C,0.518,0.183,2.22,0
var917,5,695892,A,A,0.614,0.574,2.35,0
var918,23,317397,C,C,0.237,0.637,2.29,1
var919,24,13323,T,A,0.483,0.557,2.17,0
var920,1,898767,G,T,0.429,0.738,0.61,0
var921,22,113356,G,G,0.075,0.336,1.01,0
var922,1,636232,G,A,0.106,0.765,1.41,0
var923,18,205451,T,C,0.837,0.433,0.99,0
var924,15,932714,C,A,0.24,0.484,2.26,0
var925,17,279600,C,C,0.195,0.648,0.99,0
var926,11,556655,A,T,0.505,0.018,0.41,0
var927,21,55624,C,A,0.769,0.654,1.2,0
var928,26,404322,A,T,0.062,0.619,2.94,1
var929,25,235565,T,G,0.577,0.31,0.68,0
var930,22,69008,G,C,0.119,0.086,1.84,0
var931,27,913358,G,C,0.036,0.091,1.3,0
var932,27,378539,G,T,0.053,0.923,0.21,0
var933,17,117492,C,G,0.834,0.689,1.46,0
var934,13,73240,A,A,0.118,0.127,2.11,0
var935,1,327459,A,A,0.045,0.357,1.54,0
var936,2,987753,T,C,0.438,0.592,2.62,0
var937,9,726947,C,T,0.844,0.836,0.87,0
var938,3,273900,T,T,0.262,0.044,0.26,0
var939,1,462227,A,A,0.422,0.237,2.81,0
var940,21,299522,A,G,0.04,0.89,1.13,0
var941,16,136327,G,G,0.449,0.009,1.73,0
var942,23,932988,C,A,0.578,0.201,2.38,0
var943,6,650991,A,A,0.571,0.959,0.97,0
var944,28,843981,G,T,0.332,0.613,2.15,0
var945,17,166575,C,G,0.316,0.262,0.41,0
var946,5,861226,T,A,0.107,0.067,0.87,0
var947,5,500499,C,A,0.367,0.028,0.43,0
var948,6,494948,C,C,0.099,0.245,2.43,0
var949,3,308257,A,A,0.767,0.881,0.67,0
var950,21,599357,A,A,0.966,0.416,2.15,0
var951,23,230189,C,G,0.97,0.72,2.83,0
var952,5,399465,A,T,0.865,0.918,1.58,0
var953,21,252051,A,G,0.601,0.408,1.62,0
var954,5,937705,A,T,0.701,0.191,1.38,0
var955,10,650829,G,C,0.285,0.517,0.98,0
var956,10,714936,G,A,0.631,0.908,1.43,0
var957,19,512778,C,C,0.456,0.804,1.81,0
var958,17,781641,A,T,0.482,0.066,2.96,0
var959,21,272830,G,G,0.758,0.693,2.81,0
var960,14,506629,C,G,0.282,0.572,2.59,0
var961,9,316507,A,C,0.318,0.907,2.67,0
var962,14,360687,T,T,0.925,0.122,1.4,0
var963,1,657021,A,C,0.056,0.534,1.97,0
var964,19,176915,A,C,0.486,0.879,2.69,0
var965,13,620961,G,A,0.913,0.41,1.18,0
var966,13,455179,C,C,0.61,0.482,2.89,0
var967,4,43828,C,A,0.546,0.07,1.25,0
var968,1,836036,G,A,0.25,0.278,1.8,0
var969,17,273670,A,G,0.343,0.325,2.13,0
var970,8,856342,T,A,0.852,0.945,2.85,0
var971,2,26592,A,A,0.559,0.283,0.73,0
var972,28,292126,A,G,0.515,0.461,2.24,0
var973,8,787639,T,C,0.1,0.671,1.56,1
var974,7,233041,G,T,0.016,0.162,0.81,0
var975,26,351877,C,T,0.964,0.486,2.33,0
var976,26,755296,G,T,0.377,0.739,1.66,0
var977,2,125982,G,C,0.603,0.867,1.98,0
var978,22,257911,A,A,0.08,0.626,0.97,0
var979,22,69619,C,T,0.683,0.669,1.44,0
var980,3,685688,C,C,0.933,0.126,1.85,0
var981,27,309623,G,A,0.576,0.946,1.21,0
var982,18,502643,T,G,0.126,0.133,0.6,0
var983,12,152175,G,T,0.582,0.775,2.88,0
var984,1,171963,T,A,0.766,0.265,1.53,0
var985,22,142826,C,T,0.406,0.934,2.2,0
var986,12,756343,G,T,0.88,0.72,1.23,0
var987,5,868869,A,T,0.649,0.754,1.07,0
var988,27,99540,G,A,0.899,0.219,1.22,0
var989,25,860414,C,C,0.624,0.443,1.23,0
var990,17,628035,A,A,0.131,0.618,1.63,1
var991,16,187994,A,T,0.31,0.77,1.63,0
var992,15,311375,T,A,0.202,0.104,1.49,0
var993,23,30301,A,G,0.909,0.962,0.4,0
var994,15,223724,A,C,0.76,0.89,1.49,0
var995,5,515003,G,A,0.676,0.27,0.51,0
var996,21,194783,C,G,0.301,0.823,0.38,0
var997,14,697683,T,C,0.184,0.518,2.8,0
var998,2,19752,G,G,0.756,0.462,1.81,0
var999,11,738565,A,C,0.474,0.314,1.98,0
var1000,19,885884,A,A,0.226,0.581,1.21,0
var1001,7,669755,T,G,0.617,0.73,2.73,0
var1002,6,218029,C,T,0.04,0.411,1.91,0
var1003,28,908669,T,G,0.326,0.629,2.31,0
var1004,2,57273,G,C,0.469,0.699,1.11,0
var1005,6,259503,T,A,0.148,0.711,2.88,1
var1006,18,617166,A,C,0.985,0.052,2.46,0
var1007,2,792327,G,G,0.209,0.86,2.56,1
var1008,18,120968,A,G,0.13,0.458,0.52,0
var1009,15,378844,C,T,0.204,0.262,0.81,0
var1010,27,601847,A,A,0.769,0.242,0.86,0
var1011,19,11699,A,A,0.426,0.483,0.81,0
var1012,2,197133,T,G,0.565,0.887,2.57,0
var1013,20,535003,A,A,0.021,0.378,0.1,0
var1014,25,20169,G,T,0.034,0.75,0.23,0
var1015,6,519652,G,C,0.446,0.097,0.82,0
var1016,1,119413,C,A,0.817,0.476,0.6,0
var1017,24,934667,G,G,0.885,0.992,0.7,0
var1018,15,644552,T,C,0.087,0.77,2.39,1
var1019,28,268926,C,C,0.538,0.211,1.69,0
var1020,23,744537,G,T,0.913,0.501,0.02,0
var1021,10,523988,T,G,0.388,0.234,1.29,0
var1022,19,125481,G,A,0.83,0.41,1.22,0
var1023,17,216400,G,G,0.134,0.78,0.34,0
var1024,5,560873,A,C,0.935,0.771,2.03,0
var1025,29,818114,G,G,0.751,0.228,2.11,0
var1026,4,179936,G,A,0.941,0.922,2.16,0
var1027,10,393136,T,A,0.677,0.593,2.19,0
var1028,24,871848,T,T,0.363,0.38,0.0,0
var1029,17,449330,A,A,0.938,0.502,2.86,0
var1030,10,390954,G,A,0.276,0.605,2.44,1
var1031,17,39067,A,G,0.332,0.56,2.71,0
var1032,28,699045,G,G,0.701,0.486,0.05,0
var1033,20,778622,C,C,0.765,0.505,2.8,0
var1034,24,19073,C,T,0.929,0.176,2.43,0
var1035,5,37035,A,G,0.205,0.813,2.51,1
var1036,2,197049,A,A,0.798,0.542,0.28,0
var1037,6,234782,A,C,0.739,0.131,2.22,0
var1038,21,615661,T,G,0.064,0.766,2.88,1
var1039,2,870794,T,T,0.387,0.932,2.04,0
var1040,13,615805,T,T,0.283,0.947,1.71,1
var1041,11,590738,A,C,0.304,0.369,2.84,0
var1042,11,535670,G,C,0.983,0.136,1.33,0
var1043,16,922941,C,C,0.643,0.518,1.8,0
var1044,11,727331,A,C,0.718,0.113,1.43,0
var1045,19,458828,T,C,0.977,0.934,2.8,0
var1046,15,746715,T,A,0.377,0.184,0.23,0
var1047,25,62929,A,A,0.802,0.253,1.5,0
var1048,23,758771,A,G,0.435,0.407,2.06,0
var1049,23,753878,T,T,0.87,0.383,2.38,0
var1050,16,886296,G,A,0.181,0.795,1.75,1
var1051,11,668689,T,A,0.948,0.456,2.73,0
var1052,22,781965,T,A,0.219,0.171,2.83,0
var1053,16,288313,A,G,0.326,0.267,0.19,0
var1054,8,88468,G,C,0.756,0.509,1.21,0
var1055,4,35594,T,G,0.394,0.147,0.07,0
var1056,8,995461,T,T,0.608,0.612,0.99,0
var1057,4,192703,C,T,0.445,0.566,1.61,0
var1058,24,46033,A,T,0.742,0.715,2.73,0
var1059,25,588421,C,T,0.228,0.938,2.54,1
var1060,3,991669,C,A,0.058,0.912,0.38,0
var1061,3,74861,T,A,0.3,0.946,0.28,0
var1062,27,708650,A,G,0.474,0.245,1.77,0
var1063,29,294894,G,C,0.168,0.132,1.6,0
var1064,18,565749,T,T,0.355,0.302,0.8,0
var1065,29,468016,G,G,0.4,0.895,2.7,0
var1066,26,79222,G,A,0.057,0.972,2.78,1
var1067,19,637308,A,A,0.583,0.859,1.21,0
var1068,19,811658,C,C,0.884,0.11,2.67,0
var1069,21,794153,A,C,0.152,0.947,1.15,0
var1070,5,974658,G,C,0.598,0.423,2.21,0
var1071,18,545897,T,G,0.665,0.009,1.43,0
var1072,28,970634,G,A,0.419,0.442,0.37,0
var1073,10,655801,T,A,0.701,0.046,2.78,0
var1074,29,204981,T,C,0.411,0.544,1.36,0
var1075,22,105211,A,T,0.505,0.339,2.2,0
var1076,21,187321,G,C,0.007,0.473,1.1,0
var1077,6,443111,C,G,0.692,0.613,0.06,0
var1078,1,488689,G,C,0.661,0.869,0.3,0
var1079,5,924160,G,C,0.038,0.662,1.49,0
var1080,9,912297,C,G,0.368,0.434,2.07,0
var1081,12,861952,A,C,0.979,0.819,1.0,0
var1082,26,457956,G,A,0.421,0.906,2.09,0
var1083,14,851741,G,T,0.502,0.12,2.1,0
var1084,2,30984,T,C,0.91,0.532,2.11,0
var1085,17,644235,G,G,0.717,0.285,1.48,0
var1086,14,730182,C,T,0.582,0.047,2.74,0
var1087,26,6901,T,G,0.798,0.669,1.47,0
var1088,13,163624,A,T,0.864,0.863,1.35,0
var1089,27,223317,T,T,0.457,0.163,0.6,0
var1090,9,294199,C,C,0.475,0.812,0.92,0
var1091,26,694045,C,A,0.386,0.853,0.13,0
var1092,25,992469,T,C,0.967,0.914,1.9,0
var1093,15,146788,A,G,0.697,0.265,0.75,0
var1094,25,639387,T,G,0.083,0.904,0.91,0
var1095,22,536426,A,T,0.863,0.321,2.31,0
var1096,15,691658,T,T,0.481,0.552,0.98,0
var1097,24,969616,C,A,0.069,0.051,0.73,0
var1098,11,24429,G,C,0.55,0.044,0.51,0
var1099,16,575488,G,G,0.417,0.72,2.32,0
var1100,29,203380,A,T,0.878,0.444,0.39,0
var1101,17,442460,A,A,0.204,0.256,1.36,0
var1102,26,773577,A,G,0.826,0.19,1.52,0
var1103,4,246127,C,T,0.558,0.67,2.06,0
var1104,1,888700,T,G,0.055,0.0,1.9,0
var1105,8,761801,C,A,0.972,0.806,2.43,0
var1106,17,18347,G,A,0.513,0.079,0.13,0
var1107,3,673280,A,G,0.291,0.191,0.89,0
var1108,29,557110,T,C,0.469,0.386,0.84,0
var1109,20,965163,G,G,0.858,0.485,0.44,0
var1110,15,565396,G,T,0.305,0.355,0.87,0
var1111,15,916387,G,C,0.193,0.321,0.93,0
var1112,24,483315,C,T,0.129,0.964,1.57,1
var1113,22,8967,A,G,0.298,0.642,1.99,1
var1114,14,898151,G,C,0.78,0.023,1.14,0
var1115,26,537159,A,T,0.472,0.43,2.16,0
var1116,28,226371,C,G,0.227,0.875,1.01,0
var1117,23,209524,G,G,0.166,0.301,0.87,0
var1118,14,730630,C,C,0.333,0.095,1.62,0
var1119,24,165685,C,G,0.94,0.758,0.07,0
var1120,2,553467,A,A,0.343,0.606,0.24,0
var1121,13,252537,G,T,0.988,0.57,1.25,0
var1122,26,708548,C,T,0.485,0.054,2.83,0
var1123,14,842531,G,G,0.179,0.14,2.16,0
var1124,27,560550,A,G,0.891,0.623,0.26,0
var1125,24,865645,C,A,0.46,0.208,2.54,0
var1126,19,380551,A,C,0.71,0.504,2.2,0
var1127,7,936772,G,G,0.984,0.545,1.83,0
var1128,3,472082,G,G,0.05,0.284,2.46,0
var1129,15,873701,A,G,0.097,0.948,1.21,0
var1130,23,61545,T,G,0.72,0.842,0.66,0
var1131,14,235555,C,T,0.282,0.722,1.54,1
var1132,11,224894,G,G,0.184,0.078,1.65,0
var1133,15,728506,G,T,0.039,0.106,1.61,0
var1134,28,990470,C,G,0.022,0.493,1.7,0
var1135,13,303066,A,C,0.774,0.161,2.85,0
var1136,18,997868,A,A,0.134,0.978,2.71,1
var1137,26,568201,A,C,0.468,0.159,2.63,0
var1138,6,360177,T,G,0.606,0.487,2.4,0
var1139,3,367936,T,G,0.428,0.364,2.83,0
var1140,19,251497,G,G,0.027,0.639,0.3,0
var1141,15,974181,A,C,0.784,0.129,0.8,0
var1142,25,444057,C,G,0.011,0.43,1.49,0
var1143,23,702692,G,C,0.762,0.275,2.54,0
var1144,5,486278,C,T,0.893,0.888,1.52,0
var1145,28,907295,G,A,0.433,0.041,2.24,0
var1146,10,157104,T,A,0.536,0.914,0.42,0
var1147,7,694206,G,C,0.477,0.833,0.76,0
var1148,25,715834,T,T,0.389,0.298,2.2,0
var1149,17,45936,G,C,0.887,0.789,0.49,0
var1150,7,686154,A,T,0.894,0.031,1.05,0
var1151,22,717948,C,G,0.336,0.967,0.79,0
var1152,26,203056,A,T,0.615,0.527,1.05,0
var1153,12,968835,G,T,0.927,0.303,2.12,0
var1154,25,226469,G,T,0.962,0.363,1.1,0
var1155,17,29141,G,A,0.509,0.066,1.67,0
var1156,13,927578,T,T,0.453,0.989,0.3,0
var1157,20,138478,C,G,0.279,0.039,2.42,0
var1158,25,98359,C,G,0.959,0.655,1.11,0
var1159,4,910711,G,G,0.143,0.443,1.95,0
var1160,10,155363,G,T,0.58,0.949,2.18,0
var1161,3,566856,T,C,0.283,0.246,0.63,0
var1162,9,622827,A,C,0.279,0.532,2.65,0
var1163,13,572139,A,G,0.405,0.482,1.85,0
var1164,18,494158,C,A,0.999,0.703,1.29,0
var1165,15,580111,T,C,0.055,0.068,0.55,0
var1166,4,24312,G,T,0.579,0.194,2.83,0
var1167,15,961612,C,C,0.083,0.215,2.27,0
var1168,22,985422,T,G,0.155,0.738,0.62,0
var1169,2,428387,A,A,0.44,0.189,1.01,0
var1170,15,435995,T,C,0.51,0.573,2.43,0
var1171,8,725188,A,C,0.259,0.215,2.09,0
var1172,8,501531,T,G,0.316,0.862,2.3,0
var1173,17,886155,C,A,0.087,0.942,1.32,0
var1174,12,799843,A,A,0.303,0.518,2.15,0
var1175,19,497037,C,G,0.967,0.352,1.16,0
var1176,10,250062,C,T,0.945,0.234,0.63,0
var1177,9,844441,A,C,0.335,0.05,1.9,0
var1178,5,409638,A,T,0.571,0.269,2.93,0
var1179,6,436684,G,C,0.91,0.654,0.93,0
var1180,20,557659,G,C,0.006,0.534,1.38,0
var1181,26,58022,G,T,0.811,0.944,2.02,0
var1182,2,334373,C,G,0.948,0.396,1.62,0
var1183,27,100071,C,G,0.091,0.694,2.53,1
var1184,24,183268,G,C,0.161,0.489,2.29,0
var1185,27,998858,C,G,0.961,0.513,0.17,0
var1186,13,359918,C,C,0.538,0.268,3.0,0
var1187,6,490626,A,G,0.014,0.455,2.26,0
var1188,5,289859,A,C,0.258,0.471,2.59,0
var1189,25,815037,C,G,0.45,0.707,1.95,0
var1190,1,625141,G,A,0.693,0.941,2.57,0
var1191,21,556462,T,T,0.733,0.329,0.34,0
var1192,22,928460,G,A,0.995,0.042,1.04,0
var1193,21,498660,T,T,0.288,0.496,2.63,0
var1194,6,77373,G,T,0.538,0.544,0.6,0
var1195,6,856684,A,C,0.533,0.168,0.23,0
var1196,23,194021,C,T,0.406,0.76,2.36,0
var1197,16,194718,C,A,0.169,0.985,2.51,1
var1198,4,595305,A,A,0.977,0.946,0.49,0
var1199,11,64037,T,G,0.853,0.197,2.56,0
var1200,24,615106,T,A,0.498,0.875,2.06,0
var1201,23,531836,T,G,0.603,0.704,1.56,0
var1202,9,642269,A,T,0.227,0.454,2.49,0
var1203,23,235213,T,A,0.544,0.541,1.26,0
var1204,3,205366,A,T,0.695,0.85,0.58,0
var1205,19,503420,G,A,0.515,0.48,0.85,0
var1206,8,155249,G,A,0.99,0.373,1.52,0
var1207,5,287166,A,G,0.611,0.493,1.59,0
var1208,4,631585,C,T,0.371,0.579,2.42,0
var1209,24,661902,G,A,0.772,0.189,2.37,0
var1210,6,223084,T,C,0.17,0.901,1.74,1
var1211,2,490536,A,T,0.385,0.674,2.34,0
var1212,20,61428,T,T,0.347,0.633,0.58,0
var1213,28,679100,T,T,0.432,0.099,0.15,0
var1214,11,322497,C,G,0.782,0.604,2.62,0
var1215,4,638420,T,C,0.484,0.121,0.23,0
var1216,15,188604,C,T,0.794,0.079,0.74,0
var1217,6,541340,G,A,0.576,0.527,2.09,0
var1218,22,101689,A,A,0.342,0.403,1.23,0
var1219,17,703436,T,G,0.81,0.589,2.63,0
var1220,24,447636,A,A,0.238,0.089,0.89,0
var1221,6,657031,T,T,0.224,0.431,0.04,0
var1222,19,263307,A,A,0.505,0.175,0.9,0
var1223,25,304568,T,T,0.261,0.987,1.73,1
var1224,2,503754,T,A,0.009,0.561,1.13,0
var1225,15,972248,T,C,0.648,0.687,1.6,0
var1226,11,464547,T,G,0.511,0.325,2.63,0
var1227,8,404850,T,G,0.446,0.095,2.74,0
var1228,26,136870,T,C,0.967,0.976,0.8,0
var1229,19,285564,T,C,0.571,0.286,1.39,0
var1230,13,511259,T,G,0.863,0.424,1.65,0
var1231,12,645863,T,C,0.139,0.65,2.85,1
var1232,5,783518,A,T,0.569,0.025,3.0,0
var1233,6,292444,C,A,0.868,0.81,0.71,0
var1234,26,877313,T,G,0.583,0.537,2.18,0
var1235,22,11749,C,C,0.718,0.278,1.13,0
var1236,4,629419,T,T,0.372,0.062,0.02,0
var1237,19,681481,T,G,0.092,0.162,0.03,0
var1238,20,915995,A,C,0.458,0.895,1.38,0
var1239,1,300631,G,G,0.394,0.686,1.47,0
var1240,20,226019,G,C,0.867,0.25,0.07,0
var1241,17,427577,A,G,0.244,0.066,2.06,0
var1242,12,808655,C,T,0.967,0.691,0.88,0
var1243,15,598218,G,T,0.958,0.572,1.68,0
var1244,1,670416,A,A,0.248,0.405,0.9,0
var1245,26,291524,A,G,0.348,0.364,0.5,0
var1246,14,813467,G,A,0.896,0.217,1.22,0
var1247,6,818052,C,G,0.967,0.67,0.7,0
var1248,5,938381,A,C,0.443,0.971,1.6,0
var1249,11,257553,T,C,0.321,0.176,0.6,0
var1250,4,449532,C,A,0.526,0.597,1.53,0
var1251,13,720401,C,G,0.688,0.424,0.47,0
var1252,11,380504,G,A,0.273,0.447,2.01,0
var1253,3,54352,G,T,0.736,0.254,2.26,0
var1254,1,425127,T,A,0.052,0.825,0.33,0
var1255,6,164856,A,A,0.049,0.485,1.4,0
var1256,18,4191,G,C,0.386,0.543,0.21,0
var1257,24,951664,G,A,0.353,0.305,1.79,0
var1258,10,877968,C,G,0.316,0.182,0.79,0
var1259,5,629864,G,C,0.491,0.086,1.58,0
var1260,23,196713,G,A,0.321,0.714,1.55,0
var1261,10,443939,G,T,0.192,0.196,2.77,0
var1262,12,4631,G,A,0.309,0.69,1.65,0
var1263,2,138244,C,A,0.975,0.39,1.75,0
var1264,13,305224,T,A,0.411,0.416,1.2,0
var1265,8,221169,T,C,0.445,0.469,2.85,0
var1266,2,615641,A,G,0.577,0.368,2.33,0
var1267,20,414497,G,T,0.983,0.101,0.86,0
var1268,1,553959,C,A,0.242,0.31,2.53,0
var1269,5,648099,A,G,0.681,0.664,1.3,0
var1270,9,707791,A,G,0.716,0.666,2.49,0
var1271,17,222972,T,C,0.607,0.286,2.47,0
var1272,9,778499,C,T,0.089,0.46,0.57,0
var1273,11,390878,C,C,0.677,0.193,2.1,0
var1274,15,749321,C,G,0.064,0.21,0.87,0
var1275,24,509679,T,G,0.596,0.023,0.89,0
var1276,6,422818,T,G,0.74,0.897,0.89,0
var1277,23,745149,T,C,0.211,0.211,2.18,0
var1278,3,838831,T,T,0.842,0.228,0.69,0
var1279,17,679832,T,A,0.03,0.28,0.0,0
var1280,5,705590,G,C,0.844,0.127,2.15,0
var1281,28,992120,G,G,0.46,0.639,0.51,0
var1282,12,8099,C,C,0.218,0.075,0.31,0
var1283,18,774974,A,G,0.134,0.134,0.71,0
var1284,14,419647,C,A,0.953,0.645,1.14,0
var1285,21,581780,A,A,0.073,0.34,1.43,0
var1286,24,97722,T,T,0.199,0.708,0.13,0
var1287,11,966188,A,G,0.348,0.557,2.91,0
var1288,9,555399,C,T,0.62,0.256,2.15,0
var1289,2,64936,C,T,0.545,0.651,0.97,0
var1290,12,678974,A,A,0.126,0.116,0.96,0
var1291,3,224332,G,C,0.29,0.536,1.35,0
var1292,3,960495,T,C,0.239,0.437,1.88,0
var1293,1,726836,T,T,0.214,0.268,0.44,0
var1294,8,774319,C,A,0.411,0.604,0.57,0
var1295,22,324064,G,G,0.704,0.871,2.58,0
var1296,28,488510,A,C,0.217,0.999,0.77,0
var1297,29,64530,T,T,0.367,0.608,1.14,0
var1298,8,430440,G,C,0.391,0.405,2.61,0
var1299,11,270932,T,C,0.976,0.225,1.99,0
var1300,9,553370,G,G,0.955,0.257,1.03,0
var1301,5,910719,G,A,0.8,0.479,2.05,0
var1302,14,614858,C,G,0.242,0.367,0.06,0
var1303,28,626303,T,A,0.068,0.914,2.21,1
var1304,3,733176,A,C,0.317,0.368,1.46,0
var1305,21,871020,C,T,0.267,0.373,2.44,0
var1306,5,148603,C,G,0.506,0.384,2.86,0
var1307,5,875772,A,A,0.778,0.837,2.78,0
var1308,19,619727,C,C,0.858,0.651,2.73,0
var1309,27,963361,G,A,0.845,0.614,1.54,0
var1310,14,142214,G,A,0.36,0.334,1.08,0
var1311,26,640341,T,A,0.687,0.818,1.4,0
var1312,4,573643,T,C,0.313,0.038,2.07,0
var1313,25,404082,A,T,0.061,0.871,2.65,1
var1314,13,202139,T,T,0.702,0.513,0.62,0
var1315,10,759994,G,T,0.01,0.398,2.75,0
var1316,25,650714,A,A,0.409,0.497,2.45,0
var1317,18,589315,A,C,0.329,0.667,2.94,0
var1318,8,452122,T,A,0.693,0.013,2.64,0
var1319,8,160210,G,T,0.766,0.872,0.84,0
var1320,7,93601,A,T,0.304,0.447,0.32,0
var1321,8,30956,G,C,0.812,0.343,0.34,0
var1322,14,239340,G,A,0.294,0.138,0.87,0
var1323,19,630085,G,G,0.446,0.439,1.84,0
var1324,29,912349,T,G,0.727,0.496,2.41,0
var1325,6,913735,C,T,0.693,0.404,2.7,0
var1326,1,470511,C,C,0.987,0.679,1.87,0
var1327,23,661799,A,A,0.225,0.421,0.02,0
var1328,15,965745,G,A,0.662,0.961,0.56,0
var1329,1,829965,T,T,0.61,0.599,0.3,0
var1330,25,422486,G,T,0.915,0.807,1.09,0
var1331,17,604103,G,A,0.156,0.109,1.5,0
var1332,1,40279,T,A,0.752,0.397,0.13,0
var1333,15,372931,C,T,0.568,0.337,1.05,0
var1334,23,942392,G,A,0.275,0.569,0.54,0
var1335,2,149702,G,G,0.474,0.861,1.94,0
var1336,14,62063,C,T,0.334,0.078,1.39,0
var1337,21,774887,T,A,0.579,0.073,1.49,0
var1338,8,255311,A,T,0.889,0.85,1.28,0
var1339,8,653184,C,C,0.569,0.213,2.87,0
var1340,19,691504,A,T,0.632,0.669,0.64,0
var1341,7,446377,A,T,0.519,0.543,1.55,0
var1342,19,490934,C,C,0.051,0.833,2.21,1
var1343,6,520089,G,G,0.233,0.125,1.67,0
var1344,6,747434,A,A,0.492,0.13,2.79,0
var1345,3,209432,A,C,0.31,0.557,1.13,0
var1346,7,183051,T,T,0.182,0.946,1.39,0
var1347,19,98661,G,A,0.504,0.415,0.27,0
var1348,8,925483,A,C,0.323,0.327,1.83,0
var1349,10,944693,T,A,0.258,0.607,0.86,0
var1350,20,698960,G,A,0.464,0.93,0.48,0
var1351,15,453776,C,C,0.133,0.837,1.63,1
var1352,15,472256,C,A,0.928,0.995,1.6,0
var1353,29,124257,T,G,0.868,0.023,0.23,0
var1354,1,980062,C,C,0.708,0.113,2.09,0
var1355,20,873637,A,G,0.106,0.609,1.87,1
var1356,7,270054,G,T,0.776,0.821,0.57,0
var1357,27,976217,A,A,0.808,0.285,1.41,0
var1358,4,834289,A,T,0.768,0.239,2.16,0
var1359,29,560252,C,T,0.114,0.787,1.59,1
var1360,6,419443,A,A,0.644,0.056,1.19,0
var1361,25,924482,C,C,0.834,0.369,0.97,0
var1362,1,804585,G,A,0.577,0.506,1.83,0
var1363,29,322909,G,T,0.646,0.56,2.82,0
var1364,5,755444,A,T,0.458,0.729,2.02,0
var1365,27,633500,T,C,0.529,0.355,0.22,0
var1366,23,564359,C,A,0.034,0.613,1.38,0
var1367,1,113990,C,T,0.639,0.585,2.67,0
var1368,4,70519,A,G,0.081,0.548,0.28,0
var1369,22,10503,C,T,0.435,0.64,2.97,0
var1370,2,192775,C,T,0.293,0.259,2.85,0
var1371,10,982883,T,C,0.545,0.085,0.23,0
var1372,5,620745,T,G,0.133,0.119,2.8,0
var1373,27,714226,A,T,0.692,0.225,1.09,0
var1374,10,148977,T,T,0.795,0.5,2.53,0
var1375,1,571126,A,G,0.163,0.84,1.26,0
var1376,22,912632,G,A,0.104,0.701,1.32,0
var1377,6,452495,A,A,0.146,0.789,1.9,1
var1378,13,614777,G,T,0.877,0.351,2.32,0
var1379,15,27806,A,T,0.528,0.405,0.1,0
var1380,4,177072,C,A,0.467,0.394,1.78,0
var1381,13,416384,T,C,0.107,0.192,0.56,0
var1382,24,71119,G,G,0.65,0.061,1.04,0
var1383,20,826146,A,G,0.868,0.591,1.04,0
var1384,24,186165,T,C,0.828,0.989,1.41,0
var1385,15,842851,A,C,0.626,0.167,1.0,0
var1386,29,967649,T,C,0.075,0.047,0.32,0
var1387,8,630720,T,C,0.112,0.78,0.44,0
var1388,5,471641,A,C,0.049,0.253,0.1,0
var1389,29,880381,G,C,0.257,0.83,1.41,0
var1390,15,472027,G,G,0.136,0.704,2.86,1
var1391,4,920965,C,C,0.26,0.946,0.35,0
var1392,12,408507,T,A,0.385,0.409,2.84,0
var1393,13,703164,C,C,0.943,0.662,2.2,0
var1394,2,864403,C,C,0.61,0.465,1.91,0
var1395,27,880903,A,G,0.835,0.631,1.94,0
var1396,19,852378,A,G,0.71,0.45,2.48,0
var1397,19,886421,A,C,0.113,0.189,0.32,0
var1398,4,85080,T,G,0.736,0.508,1.51,0
var1399,4,253791,A,T,0.275,0.529,2.09,0
var1400,26,979836,A,G,0.639,0.811,1.76,0
var1401,11,78794,T,G,0.341,0.736,2.5,0
var1402,27,293985,T,G,0.998,0.664,0.22,0
var1403,5,125447,G,G,0.264,0.113,2.07,0
var1404,20,121029,A,A,0.279,0.721,1.6,1
var1405,11,180830,A,A,0.931,0.5,1.14,0
var1406,10,508942,A,A,0.025,0.894,1.02,0
var1407,8,339416,G,C,0.697,0.92,1.86,0
var1408,6,562931,A,C,0.725,0.055,2.67,0
var1409,6,968912,G,T,0.836,0.821,1.49,0
var1410,8,307094,C,A,0.974,0.038,2.47,0
var1411,23,188921,G,C,0.976,0.367,1.21,0
var1412,15,363644,C,G,0.065,0.542,0.31,0
var1413,26,684404,A,G,0.822,0.148,0.18,0
var1414,14,499685,C,A,0.646,0.746,0.15,0
var1415,11,388732,G,T,0.647,0.008,1.14,0
var1416,12,541285,T,T,0.128,0.169,1.01,0
var1417,26,867183,C,G,0.65,0.581,2.15,0
var1418,13,623893,C,T,0.982,0.714,2.23,0
var1419,8,942415,A,A,0.912,0.917,0.15,0
var1420,18,842965,G,G,0.439,0.705,0.66,0
var1421,25,345710,C,C,0.04,0.672,0.82,0
var1422,1,751230,C,C,0.362,0.394,1.64,0
var1423,15,670931,C,T,0.826,0.001,0.43,0
var1424,8,633543,C,G,0.701,0.12,0.4,0
var1425,28,785586,T,G,0.459,0.535,2.83,0
var1426,11,452157,G,C,0.055,0.675,2.41,1
var1427,12,59005,A,G,0.427,0.417,0.54,0
var1428,12,218322,A,G,0.469,0.731,1.22,0
var1429,4,190784,T,G,0.929,0.522,1.07,0
var1430,16,568829,G,T,0.641,0.074,2.37,0
var1431,4,24387,C,G,0.312,0.192,1.53,0
var1432,5,881412,T,A,0.525,0.84,0.38,0
var1433,24,705268,G,T,0.066,0.725,2.22,1
var1434,5,86457,C,G,0.973,0.895,1.19,0
var1435,8,145129,T,G,0.36,0.118,0.79,0
var1436,10,589316,G,A,0.478,0.99,1.13,0
var1437,17,644534,A,T,0.355,0.209,1.49,0
var1438,28,318875,A,C,0.683,0.012,1.03,0
var1439,26,681218,G,C,0.662,0.997,0.73,0
var1440,9,180761,A,T,0.715,0.281,1.2,0
var1441,22,569926,G,G,0.268,0.668,0.06,0
var1442,19,485814,C,G,0.316,0.177,2.32,0
var1443,29,178558,G,C,0.125,0.58,0.51,0
var1444,14,545855,C,C,0.656,0.904,0.13,0
var1445,8,423955,T,C,0.04,0.32,1.96,0
var1446,9,583092,G,A,0.598,0.67,2.32,0
var1447,22,371965,T,C,0.87,0.188,2.44,0
var1448,11,4754,A,A,0.891,0.625,1.48,0
var1449,23,552332,C,T,0.449,0.336,0.62,0
var1450,1,68260,G,G,0.459,0.211,2.21,0
var1451,14,67912,T,C,0.077,0.313,2.1,0
var1452,5,257695,C,G,0.671,0.179,0.74,0
var1453,21,533994,C,G,0.821,0.902,2.71,0
var1454,26,796326,A,C,0.245,0.397,0.31,0
var1455,14,936541,A,C,0.421,0.245,2.95,0
var1456,4,347130,C,T,0.839,0.448,2.58,0
var1457,22,869374,C,A,0.877,0.321,2.06,0
var1458,23,707972,G,A,0.243,0.744,2.82,1
var1459,25,30725,C,G,0.551,0.971,2.17,0
var1460,1,137998,G,C,0.192,0.438,0.57,0
var1461,22,105555,C,T,0.102,0.861,1.33,0
var1462,23,262486,A,T,0.911,0.566,0.21,0
var1463,19,796928,G,T,0.821,0.157,1.17,0
var1464,8,581735,T,T,0.76,0.691,2.22,0
var1465,15,889036,A,T,0.049,0.513,1.16,0
var1466,21,686166,G,A,0.844,0.651,0.99,0
var1467,15,875631,G,A,0.438,0.89,1.79,0
var1468,9,566609,T,A,0.342,0.44,2.62,0
var1469,21,778401,G,C,0.546,0.901,0.14,0
var1470,9,234103,C,G,0.091,0.751,1.16,0
var1471,10,983599,T,T,0.757,0.489,0.47,0
var1472,20,416872,A,C,0.582,0.603,2.09,0
var1473,25,56147,A,T,0.187,0.326,0.32,0
var1474,21,616684,C,A,0.188,0.984,1.99,1
var1475,26,443882,A,C,0.184,0.667,0.86,0
var1476,9,476584,G,A,0.057,0.044,0.6,0
var1477,3,301931,G,T,0.588,0.327,2.81,0
var1478,20,245839,C,T,0.84,0.623,0.06,0
var1479,25,457162,A,G,0.017,0.056,1.31,0
var1480,26,547015,A,T,0.049,0.024,0.06,0
var1481,11,764711,C,A,0.573,0.45,1.45,0
var1482,6,96081,T,T,0.819,0.333,1.5,0
var1483,2,385865,A,G,0.327,0.438,0.96,0
var1484,7,766418,T,G,0.35,0.263,0.4,0
var1485,18,593344,A,A,0.596,0.165,1.13,0
var1486,27,659441,A,C,0.274,0.689,2.02,1
var1487,2,690556,A,T,0.027,0.515,2.35,0
var1488,27,693095,A,G,0.735,0.2,1.59,0
var1489,17,761109,G,T,0.626,0.32,1.77,0
var1490,11,81102,T,T,0.581,0.592,0.6,0
var1491,27,998082,T,C,0.742,0.072,0.86,0
var1492,12,157570,A,G,0.675,0.147,0.49,0
var1493,27,602153,A,T,0.206,0.073,0.75,0
var1494,19,688016,T,G,0.352,0.812,0.67,0
var1495,22,68695,G,A,0.126,0.752,1.56,1
var1496,24,432116,C,A,0.13,0.753,1.69,1
var1497,25,522608,C,T,0.676,0.716,2.83,0
var1498,7,118235,T,G,0.859,0.669,0.59,0
var1499,20,441917,A,T,0.963,0.477,1.93,0
var1500,6,634065,A,G,0.628,0.642,2.45,0
var1501,21,20033,G,G,0.184,0.038,1.68,0
var1502,24,517409,C,C,0.106,0.621,0.77,0
var1503,1,667165,G,C,0.813,0.778,0.79,0
var1504,17,692211,C,C,0.579,0.5,0.12,0
var1505,29,552120,T,T,0.618,0.358,0.92,0
var1506,11,195509,C,C,0.781,0.277,2.23,0
var1507,22,378869,G,C,0.703,0.643,0.14,0
var1508,26,146016,G,A,0.834,0.693,0.66,0
var1509,28,283017,G,G,0.056,0.871,2.12,1
var1510,18,565660,T,G,0.748,0.342,2.35,0
var1511,21,90464,C,C,0.851,0.77,1.37,0
var1512,17,671739,C,G,0.286,0.561,2.09,0
var1513,7,118322,G,A,0.64,0.883,1.16,0
var1514,17,693111,C,A,0.314,0.528,0.48,0
var1515,20,887514,A,C,0.958,0.518,1.19,0
var1516,9,746182,A,A,0.033,0.578,1.74,0
var1517,17,792542,A,G,0.58,0.749,2.84,0
var1518,20,448557,C,T,0.167,0.965,0.21,0
var1519,22,799519,T,G,0.712,0.074,1.52,0
var1520,22,417978,T,T,0.176,0.053,0.99,0
var1521,28,870049,T,C,0.235,0.938,1.52,1
var1522,29,625771,T,T,0.494,0.53,0.07,0
var1523,8,524886,A,A,0.915,0.615,0.94,0
var1524,17,534884,A,G,0.212,0.482,2.46,0
var1525,7,235627,G,T,0.144,0.094,1.66,0
var1526,1,632827,C,G,0.759,0.768,1.35,0
var1527,13,543601,C,C,0.501,0.747,0.86,0
var1528,23,900607,T,C,0.912,0.312,0.89,0
var1529,19,722909,A,A,0.147,0.306,1.15,0
var1530,27,115914,T,C,0.646,0.838,2.51,0
var1531,24,548993,G,T,0.233,0.072,2.9,0
var1532,19,723724,C,C,0.157,0.881,1.32,0
var1533,29,860877,C,A,0.683,0.257,1.18,0
var1534,17,104892,T,G,0.594,0.593,2.54,0
var1535,13,735005,G,G,0.755,0.936,1.28,0
var1536,29,265167,C,C,0.309,0.678,1.66,0
var1537,16,644942,G,T,0.448,0.414,0.69,0
var1538,8,191868,G,A,0.405,0.69,2.23,0
var1539,19,81073,T,T,0.984,0.344,1.6,0
var1540,18,879629,A,A,0.292,0.277,2.43,0
var1541,1,589717,T,C,0.295,0.997,2.34,1
var1542,14,105195,A,A,0.355,0.751,0.65,0
var1543,19,717987,G,A,0.565,0.645,2.15,0
var1544,15,34848,A,C,0.252,0.355,2.4,0
var1545,18,956308,G,T,0.915,0.049,1.04,0
var1546,2,933883,C,C,0.266,0.031,0.52,0
var1547,22,978168,C,A,0.896,0.554,0.01,0
var1548,28,290910,C,C,0.103,0.762,1.35,0
var1549,17,69099,T,A,0.657,0.537,1.06,0
var1550,18,430276,T,C,0.907,0.841,1.66,0
var1551,6,70122,G,G,0.169,0.033,0.56,0
var1552,19,672447,C,G,0.968,0.367,2.58,0
var1553,4,574156,T,C,0.453,0.237,0.77,0
var1554,1,644407,C,T,0.946,0.447,0.68,0
var1555,8,417441,T,A,0.677,0.072,1.44,0
var1556,29,882718,A,G,0.302,0.954,1.5,0
var1557,23,269787,A,T,0.188,0.223,0.65,0
var1558,7,487275,C,A,0.304,0.922,0.82,0
var1559,3,299871,G,G,0.093,0.426,0.51,0
var1560,10,929509,T,G,0.144,0.986,2.16,1
var1561,10,110079,T,C,0.105,0.554,2.31,0
var1562,19,853129,A,A,0.423,0.931,1.39,0
var1563,14,17029,A,T,0.796,0.005,2.14,0
var1564,2,247353,G,T,0.141,0.748,2.21,1
var1565,28,408442,G,T,0.13,0.903,0.41,0
var1566,1,195718,G,A,0.643,0.14,2.9,0
var1567,23,979107,C,T,0.197,0.096,2.46,0
var1568,23,422947,A,T,0.098,0.425,0.61,0
var1569,28,372602,C,T,0.167,0.934,0.56,0
var1570,18,897816,A,C,0.924,0.542,0.38,0
var1571,7,69926,A,C,0.821,0.527,0.42,0
var1572,29,662357,T,A,0.354,0.141,2.24,0
var1573,8,318650,A,A,0.656,0.001,1.41,0
var1574,1,865661,A,T,0.537,0.81,2.35,0
var1575,25,444031,C,C,0.677,0.088,2.24,0
var1576,23,43092,A,G,0.683,0.634,1.81,0
var1577,3,325683,C,G,0.629,0.915,2.06,0
var1578,24,984581,G,T,0.266,0.209,0.06,0
var1579,23,153889,A,T,0.039,0.665,0.94,0
var1580,27,694221,A,C,0.456,0.079,1.91,0
var1581,29,538716,C,C,0.891,0.604,0.03,0
var1582,8,176006,G,C,0.569,0.164,0.1,0
var1583,22,771915,T,A,0.832,0.736,2.56,0
var1584,25,770727,G,A,0.992,0.301,2.05,0
var1585,15,142330,C,T,0.164,0.463,0.8,0
var1586,5,58775,G,A,0.692,0.599,2.06,0
var1587,3,737940,C,C,0.674,0.171,2.38,0
var1588,19,268613,C,C,0.98,0.742,0.92,0
var1589,1,291998,T,A,0.986,0.303,0.11,0
var1590,28,662616,A,G,0.687,0.662,2.8,0
var1591,15,780446,C,T,0.244,0.158,1.04,0
var1592,8,77256,C,G,0.799,0.688,0.32,0
var1593,2,952441,T,T,0.107,0.128,1.48,0
var1594,3,362278,C,G,0.781,0.425,2.31,0
var1595,24,658011,A,A,0.91,0.247,0.66,0
var1596,14,182360,T,T,0.383,0.748,0.81,0
var1597,24,347874,A,T,0.631,0.262,0.73,0
var1598,14,419267,A,T,0.43,0.882,2.98,0
var1599,11,290530,T,C,0.438,0.892,0.59,0
var1600,16,993558,C,C,0.31,0.196,1.73,0
var1601,4,243634,A,G,0.762,0.614,2.78,0
var1602,20,934688,A,A,0.936,0.088,0.44,0
var1603,5,34787,A,C,0.941,0.392,2.91,0
var1604,22,546909,A,T,0.175,0.713,2.84,1
var1605,21,994068,T,C,0.875,0.659,2.65,0
var1606,14,603272,T,A,0.737,0.625,0.64,0
var1607,23,454008,G,C,0.253,0.283,1.9,0
var1608,16,439469,G,T,0.067,0.378,2.28,0
var1609,18,821483,A,G,0.268,0.103,2.96,0
var1610,7,312955,C,T,0.912,0.719,0.54,0
var1611,10,31447,A,A,0.633,0.504,2.3,0
var1612,7,129046,C,G,0.721,0.709,1.02,0
var1613,1,740290,A,C,0.257,0.249,0.53,0
var1614,23,517494,G,C,0.719,0.324,1.26,0
var1615,21,686614,G,C,0.028,0.334,2.38,0
var1616,19,871477,C,G,0.375,0.026,1.39,0
var1617,16,642147,A,T,0.627,0.341,1.61,0
var1618,29,189490,C,G,0.146,0.803,2.99,1
var1619,19,408688,G,G,0.823,0.897,1.2,0
var1620,4,505409,A,A,0.235,0.518,1.85,0
var1621,29,528759,A,G,0.652,0.456,1.1,0
var1622,28,239404,C,C,0.405,0.031,1.18,0
var1623,18,645600,T,T,0.596,0.879,2.09,0
var1624,2,517595,C,T,0.107,0.013,2.81,0
var1625,1,752164,G,T,0.017,0.945,1.63,1
var1626,15,664689,G,C,0.91,0.489,2.31,0
var1627,5,166937,G,C,0.27,0.342,0.27,0
var1628,20,47850,G,C,0.82,0.924,0.63,0
var1629,11,317364,G,C,0.999,0.024,1.51,0
var1630,10,244306,T,C,0.211,0.581,0.06,0
var1631,2,94808,A,G,0.265,0.549,0.76,0
var1632,3,502597,C,C,0.663,0.219,1.55,0
var1633,23,662757,C,C,0.965,0.429,0.04,0
var1634,23,229981,G,C,0.916,0.652,0.79,0
var1635,12,523220,C,C,0.503,0.727,1.54,0
var1636,20,691885,G,T,0.795,0.001,1.72,0
var1637,5,54072,T,C,0.136,0.937,2.78,1
var1638,5,746466,T,G,0.977,0.165,1.94,0
var1639,6,609108,A,G,0.964,0.234,1.24,0
var1640,9,478746,T,G,0.164,0.263,2.79,0
var1641,2,24284,T,A,0.299,0.038,2.35,0
var1642,21,979834,A,T,0.1,0.123,0.6,0
var1643,12,84369,C,C,0.272,0.986,0.39,0
var1644,3,812554,G,A,0.816,0.315,2.03,0
var1645,20,917781,G,C,0.378,0.115,1.68,0
var1646,26,857985,C,A,0.088,0.107,2.37,0
var1647,22,738266,A,A,0.342,0.719,2.22,0
var1648,12,882220,C,G,0.981,0.855,1.88,0
var1649,24,588100,T,G,0.63,0.257,2.96,0
var1650,17,271143,A,A,0.416,0.021,1.6,0
var1651,10,285580,A,G,0.167,0.223,0.34,0
var1652,24,830395,A,A,0.986,0.057,2.48,0
var1653,27,658456,G,T,0.821,0.103,0.76,0
var1654,14,524156,C,G,0.281,0.432,2.33,0
var1655,23,770097,A,G,0.07,0.23,2.87,0
var1656,17,419495,A,G,0.057,0.516,2.09,0
var1657,18,253164,A,T,0.12,0.253,1.79,0
var1658,19,896331,C,A,0.581,0.941,1.38,0
var1659,17,770605,G,C,0.929,0.906,1.09,0
var1660,14,289345,T,G,0.497,0.567,1.06,0
var1661,9,151787,G,A,0.843,0.354,1.91,0
var1662,8,161381,A,T,0.446,0.381,2.25,0
var1663,2,671438,G,C,0.709,0.412,2.04,0
var1664,13,450830,G,G,0.732,0.728,0.6,0
var1665,25,530393,T,T,0.174,0.452,1.48,0
var1666,7,905098,C,T,0.361,0.857,2.37,0
var1667,9,357992,C,C,0.637,0.944,1.43,0
var1668,22,790271,G,A,0.071,0.336,1.61,0
var1669,22,69920,G,G,0.362,0.561,2.31,0
var1670,11,831051,C,G,0.535,0.095,1.98,0
var1671,14,568109,C,A,0.996,0.2,1.23,0
var1672,4,651024,T,A,0.475,0.413,2.69,0
var1673,26,931997,A,A,0.816,0.206,0.49,0
var1674,26,542357,G,C,0.432,0.877,2.99,0
var1675,29,506659,C,C,0.796,0.158,0.36,0
var1676,13,8531,G,G,0.595,0.456,0.04,0
var1677,2,431267,G,C,0.887,0.606,2.67,0
var1678,23,664096,C,T,0.411,0.692,0.73,0
var1679,5,664070,T,G,0.604,0.383,2.19,0
var1680,11,68155,G,C,0.63,0.869,2.43,0
var1681,6,932479,T,A,0.417,0.568,2.58,0
var1682,18,587712,C,T,0.144,0.44,2.97,0
var1683,21,308747,A,A,0.094,0.067,0.88,0
var1684,10,941756,A,G,0.017,0.465,2.13,0
var1685,4,475013,G,A,0.874,0.821,0.35,0
var1686,9,133503,C,C,0.236,0.615,1.22,0
var1687,6,730963,T,C,0.212,0.832,2.54,1
var1688,2,693841,G,G,0.736,0.494,1.1,0
var1689,17,880005,C,A,0.32,0.118,1.77,0
var1690,5,665917,C,G,0.506,0.014,1.51,0
var1691,25,993475,T,A,0.163,0.303,1.94,0
var1692,6,366446,G,T,0.96,0.698,2.92,0
var1693,26,656522,C,C,0.852,0.79,0.17,0
var1694,12,953246,C,G,0.864,0.296,1.72,0
var1695,23,20675,C,T,0.407,0.496,2.59,0
var1696,21,74997,T,T,0.762,0.421,1.44,0
var1697,10,149087,G,G,0.144,0.411,0.24,0
var1698,22,968561,G,G,0.009,0.231,1.68,0
var1699,21,951095,G,T,0.02,0.136,1.0,0
var1700,27,487799,G,A,0.587,0.197,0.46,0
var1701,25,520349,A,T,0.455,0.055,2.55,0
var1702,6,756678,A,G,0.518,0.198,1.56,0
var1703,27,141905,G,T,0.007,0.009,2.8,0
var1704,8,271040,T,A,0.423,0.627,2.42,0
var1705,2,427188,A,C,0.718,0.316,2.08,0
var1706,12,312877,C,C,0.443,0.973,0.02,0
var1707,13,776723,A,T,0.732,0.194,1.28,0
var1708,25,567088,C,A,0.233,0.346,0.59,0
var1709,21,97044,G,C,0.813,0.358,2.73,0
var1710,7,268491,A,T,0.588,0.008,0.52,0
var1711,10,715423,T,T,0.211,0.839,0.86,0
var1712,13,490066,A,A,0.237,0.032,1.55,0
var1713,17,659003,A,G,0.628,0.94,0.79,0
var1714,26,303929,A,T,0.83,0.892,0.63,0
var1715,21,806113,G,G,0.416,0.536,1.8,0
var1716,28,968530,T,G,0.258,0.544,0.27,0
var1717,26,367008,A,C,0.867,0.654,0.17,0
var1718,14,934396,T,G,0.669,0.387,1.12,0
var1719,2,834731,G,A,0.448,0.647,2.16,0
var1720,28,18073,C,C,0.488,0.045,1.66,0
var1721,22,889736,A,C,0.204,0.054,1.27,0
var1722,11,555970,T,C,0.627,0.457,1.7,0
var1723,1,754158,T,T,0.359,0.55,1.1,0
var1724,19,753254,G,T,0.996,0.888,2.81,0
var1725,21,911734,A,G,0.48,0.105,0.16,0
var1726,4,408505,C,C,0.486,0.823,2.02,0
var1727,19,116359,T,C,0.566,0.21,2.67,0
var1728,26,926431,A,A,0.917,0.394,2.41,0
var1729,29,966834,C,G,0.801,0.317,0.55,0
var1730,21,67707,T,A,0.451,0.4,0.89,0
var1731,11,252351,T,G,0.719,0.15,2.15,0
var1732,8,471670,C,G,0.586,0.504,0.25,0
var1733,11,239511,C,T,0.492,0.802,2.44,0
var1734,4,236718,G,T,0.192,0.442,2.16,0
var1735,17,590716,A,A,0.464,0.491,2.19,0
var1736,27,51601,A,G,0.246,0.849,0.3,0
var1737,7,995969,G,C,0.915,0.706,2.15,0
var1738,8,396755,T,T,0.335,0.49,2.04,0
var1739,3,496479,C,C,0.952,0.258,2.49,0
var1740,22,636775,C,A,0.533,0.885,0.12,0
var1741,2,679029,C,T,0.632,0.577,0.07,0
var1742,23,465184,T,T,0.543,0.221,1.12,0
var1743,15,414860,C,G,0.129,0.269,0.45,0
var1744,24,412961,C,A,0.376,0.803,1.68,0
var1745,22,252924,G,G,0.099,0.044,2.75,0
var1746,22,784441,T,T,0.623,0.992,1.17,0
var1747,5,815660,A,A,0.447,0.13,2.53,0
var1748,24,524394,G,T,0.778,0.796,0.0,0
var1749,1,250430,G,A,0.22,0.395,0.51,0
var1750,26,428737,A,T,0.165,0.492,0.09,0
var1751,4,123788,G,C,0.406,0.881,0.98,0
var1752,15,622527,T,C,0.927,0.413,2.72,0
var1753,20,552216,C,G,0.71,0.537,0.29,0
var1754,19,281466,T,C,0.419,0.049,1.82,0
var1755,3,451930,A,T,0.517,0.002,1.35,0
var1756,20,351040,A,T,0.084,0.245,2.82,0
var1757,11,63292,G,C,0.985,0.681,0.37,0
var1758,17,554343,T,G,0.666,0.121,0.64,0
var1759,27,306035,T,C,0.285,0.114,0.09,0
var1760,13,607200,A,A,0.586,0.411,1.3,0
var1761,11,662948,T,A,0.109,0.648,0.83,0
var1762,2,353680,A,A,0.966,0.712,2.61,0
var1763,9,269448,T,C,0.175,0.178,1.81,0
var1764,26,532633,T,C,0.648,0.08,1.84,0
var1765,2,161372,T,C,0.245,0.94,1.6,1
var1766,21,942763,A,A,0.718,0.261,0.28,0
var1767,9,92006,G,G,0.777,0.853,1.34,0
var1768,9,933856,T,T,0.673,0.863,3.0,0
var1769,8,130350,A,C,0.614,0.773,2.51,0
var1770,17,689725,A,G,0.892,0.169,2.68,0
var1771,1,806878,T,T,0.079,0.822,2.47,1
var1772,25,789768,T,T,0.331,0.769,0.31,0
var1773,29,849464,G,T,0.248,0.597,0.68,0
var1774,11,207487,A,G,0.988,0.337,0.01,0
var1775,8,98852,A,G,0.389,0.263,0.91,0
var1776,10,493092,C,A,0.733,0.122,0.33,0
var1777,25,139593,A,G,0.685,0.51,1.42,0
var1778,7,728067,G,G,0.212,0.585,2.03,0
var1779,3,679841,C,G,0.239,0.359,2.62,0
var1780,3,281618,C,T,0.281,0.475,2.25,0
var1781,18,178832,C,C,0.411,0.364,2.82,0
var1782,5,843150,T,A,0.234,0.641,0.16,0
var1783,12,307773,T,C,0.02,0.901,0.04,0
var1784,12,46232,A,C,0.879,0.164,1.98,0
var1785,19,349688,C,G,0.966,0.381,0.87,0
var1786,6,461385,G,A,0.342,0.141,0.76,0
var1787,2,784301,T,C,0.339,0.625,0.99,0
var1788,12,313813,G,C,0.007,0.729,0.81,0
var1789,19,210093,G,A,0.68,0.932,1.53,0
var1790,5,332328,T,G,0.825,0.279,1.32,0
var1791,12,704305,T,C,0.147,0.95,1.54,1
var1792,27,14140,T,T,0.16,0.063,2.02,0
var1793,27,389612,T,C,0.79,0.603,1.16,0
var1794,17,608745,C,T,0.616,0.057,0.75,0
var1795,29,539645,C,G,0.045,0.894,0.5,0
var1796,17,524375,C,C,0.623,0.53,1.05,0
var1797,10,112672,C,A,0.309,0.669,2.23,0
var1798,25,331817,A,A,0.369,0.832,2.27,0
var1799,23,646961,C,C,0.77,0.15,2.0,0
var1800,17,590921,T,G,0.811,0.039,0.7,0
var1801,15,733303,G,G,0.4,0.879,1.76,0
var1802,12,621399,C,A,0.947,0.315,1.71,0
var1803,16,865690,A,C,0.406,0.129,1.45,0
var1804,24,407140,T,G,0.772,0.468,1.65,0
var1805,19,70286,G,A,0.484,0.598,1.48,0
var1806,8,94269,G,T,0.898,0.031,1.7,0
var1807,21,259635,C,C,0.908,0.275,2.15,0
var1808,17,75071,G,T,0.087,0.033,0.33,0
var1809,23,451542,C,T,0.936,0.42,2.25,0
var1810,5,222095,C,G,0.826,0.895,0.41,0
var1811,22,514317,T,G,0.791,0.983,0.2,0
var1812,16,31651,T,G,0.201,0.637,2.93,1
var1813,6,71202,A,C,0.805,0.162,2.87,0
var1814,8,49777,T,T,0.85,0.906,0.18,0
var1815,25,149066,T,C,0.289,0.516,1.33,0
var1816,18,854695,C,G,0.952,0.154,0.56,0
var1817,25,191706,T,T,0.05,0.922,1.46,0
var1818,12,625446,C,C,0.15,0.757,2.49,1
var1819,15,798232,C,C,0.538,0.732,2.85,0
var1820,27,825255,T,A,0.576,0.709,1.9,0
var1821,26,764935,A,C,0.645,0.2,1.06,0
var1822,9,327022,A,G,0.017,0.211,1.81,0
var1823,13,281852,G,C,0.96,0.688,0.94,0
var1824,26,669179,G,T,0.045,0.22,2.73,0
var1825,15,731265,T,C,0.143,0.439,2.61,0
var1826,10,589158,A,A,0.014,0.782,1.67,1
var1827,16,534571,C,T,0.567,0.784,0.97,0
var1828,7,686933,G,T,0.932,0.453,0.88,0
var1829,17,866139,C,A,0.666,0.792,0.1,0
var1830,23,425149,G,G,0.823,0.839,2.45,0
var1831,26,531062,T,T,0.013,0.655,1.35,0
var1832,21,204127,A,G,0.542,0.228,0.98,0
var1833,22,143055,G,T,0.46,0.274,1.41,0
var1834,26,621756,A,T,0.499,0.315,2.46,0
var1835,7,883766,C,G,0.072,0.117,0.37,0
var1836,14,805565,T,T,0.684,0.273,2.57,0
var1837,15,933443,A,G,0.503,0.21,2.69,0
var1838,21,526069,T,A,0.765,0.455,2.84,0
var1839,7,115586,A,G,0.485,0.908,1.19,0
var1840,9,450916,C,A,0.149,0.104,0.65,0
var1841,19,290768,C,T,0.648,0.72,1.12,0
var1842,16,532111,T,G,0.172,0.687,1.0,0
var1843,8,543777,C,T,0.872,0.096,0.53,0
var1844,18,172033,G,G,0.613,0.923,1.82,0
var1845,27,513880,A,A,0.157,0.568,1.43,0
var1846,23,292262,C,A,0.962,0.364,2.6,0
var1847,29,101417,G,G,0.518,0.757,0.1,0
var1848,18,82816,T,A,0.073,0.257,1.93,0
var1849,20,678623,G,T,0.627,0.694,2.29,0
var1850,7,276709,T,T,0.253,0.04,2.28,0
var1851,3,676714,T,C,0.804,0.839,2.66,0
var1852,18,175023,A,A,0.818,0.448,2.19,0
var1853,27,878611,A,T,0.979,0.637,2.78,0
var1854,10,548936,G,G,0.502,0.221,1.0,0
var1855,7,444945,A,A,0.455,0.677,1.51,0
var1856,17,42971,A,T,0.753,0.772,0.04,0
var1857,14,19658,A,A,0.132,0.473,0.02,0
var1858,24,22253,G,G,0.547,0.618,0.72,0
var1859,3,458382,C,T,0.546,0.456,0.3,0
var1860,12,180635,A,C,0.089,0.894,0.78,0
var1861,28,158462,A,C,0.418,0.498,0.53,0
var1862,13,351808,G,A,0.853,0.842,0.09,0
var1863,2,707938,C,G,0.856,0.801,2.73,0
var1864,3,211097,A,T,0.099,0.411,0.02,0
var1865,5,629138,T,G,0.091,0.23,2.21,0
var1866,11,951162,G,T,0.263,0.406,0.46,0
var1867,8,663212,A,A,0.875,0.826,2.74,0
var1868,26,521498,A,T,0.129,0.228,2.68,0
var1869,23,227058,T,G,0.72,0.524,1.96,0
var1870,23,658911,T,G,0.101,0.806,2.02,1
var1871,12,859379,G,A,0.623,0.353,0.02,0
var1872,7,586289,G,G,0.356,0.642,2.95,0
var1873,15,181231,T,T,0.789,0.246,2.63,0
var1874,24,123775,G,A,0.234,0.109,2.69,0
var1875,17,970211,T,T,0.639,0.794,1.98,0
var1876,4,558531,A,G,0.236,0.099,1.03,0
var1877,29,678160,T,A,0.714,0.271,2.68,0
var1878,22,863371,T,T,0.874,0.855,0.87,0
var1879,25,320972,C,G,0.127,0.346,1.69,0
var1880,13,262716,T,G,0.867,0.973,0.3,0
var1881,18,401455,T,C,0.594,0.98,2.77,0
var1882,1,269854,C,G,0.127,0.268,0.42,0
var1883,16,415600,G,T,0.428,0.041,0.67,0
var1884,13,939542,C,A,0.161,0.705,1.67,1
var1885,10,172918,A,C,0.7,0.451,2.29,0
var1886,12,220055,C,G,0.759,0.101,1.86,0
var1887,2,986325,A,G,0.106,0.708,0.7,0
var1888,23,301135,G,G,0.506,0.031,0.0,0
var1889,3,735417,C,T,0.815,0.87,2.27,0
var1890,10,401187,C,C,0.936,0.139,2.96,0
var1891,2,423355,G,T,0.514,0.127,2.43,0
var1892,27,872877,A,C,0.95,0.176,1.38,0
var1893,23,209139,C,A,0.536,0.96,2.71,0
var1894,13,81257,A,T,0.394,0.693,1.23,0
var1895,13,478958,C,T,0.848,0.801,1.57,0
var1896,18,825143,T,A,0.493,0.398,1.43,0
var1897,3,7530,C,C,0.472,0.336,1.34,0
var1898,27,274260,G,G,0.49,0.234,2.33,0
var1899,7,591082,G,A,0.847,0.481,1.58,0
var1900,14,918786,A,G,0.832,0.552,0.95,0
var1901,20,211545,C,G,0.404,0.632,0.77,0
var1902,29,658258,A,A,0.333,0.257,0.11,0
var1903,17,529423,A,C,0.492,0.949,1.75,0
var1904,29,925133,T,G,0.573,0.17,0.69,0
var1905,21,372616,T,A,0.238,0.966,0.44,0
var1906,12,912579,G,T,0.794,0.015,1.96,0
var1907,25,479336,A,T,0.486,0.481,2.04,0
var1908,16,776158,G,T,0.334,0.333,2.26,0
var1909,24,614375,C,A,0.107,0.449,1.51,0
var1910,12,721391,A,T,0.239,0.571,2.68,0
var1911,15,820812,A,G,0.949,0.436,2.81,0
var1912,25,917383,C,T,0.305,0.415,2.42,0
var1913,10,280215,C,T,0.169,0.733,1.91,1
var1914,25,21074,G,G,0.461,0.686,0.91,0
var1915,7,747084,G,T,0.307,0.833,2.95,0
var1916,20,593131,C,G,0.035,0.25,0.82,0
var1917,5,40901,G,T,0.323,0.61,0.61,0
var1918,1,274349,C,G,0.544,0.585,1.33,0
var1919,17,974165,A,T,0.552,0.37,0.17,0
var1920,3,912093,A,G,0.357,0.486,2.94,0
var1921,13,793338,T,A,0.447,0.314,1.77,0
var1922,14,396807,A,G,0.966,0.142,1.67,0
var1923,24,913008,C,T,0.377,0.214,1.97,0
var1924,18,588275,G,T,0.258,0.106,1.49,0
var1925,4,981874,T,C,0.243,0.683,0.1,0
var1926,18,343829,G,G,0.458,0.661,1.84,0
var1927,5,373598,C,A,0.76,0.951,2.15,0
var1928,25,368631,A,G,0.206,0.73,1.25,0
var1929,16,579688,T,G,0.709,0.052,2.27,0
var1930,1,157222,C,A,0.021,0.884,0.68,0
var1931,21,32852,T,G,0.419,0.863,0.66,0
var1932,14,961374,T,A,0.776,0.443,0.48,0
var1933,15,514012,A,A,0.339,0.586,1.12,0
var1934,9,840188,C,G,0.564,0.976,2.54,0
var1935,15,378501,G,G,0.205,0.532,2.48,0
var1936,17,644340,T,T,0.742,0.905,1.15,0
var1937,25,57481,T,T,0.052,0.083,1.77,0
var1938,24,788715,G,C,0.853,0.191,2.16,0
var1939,4,34691,C,C,0.198,0.441,0.72,0
var1940,12,395341,T,G,0.874,0.585,0.5,0
var1941,27,199137,T,A,0.353,0.816,2.92,0
var1942,26,551458,T,C,0.723,0.988,1.85,0
var1943,5,533726,C,G,0.319,0.389,2.94,0
var1944,29,807527,C,C,0.906,0.047,1.01,0
var1945,5,672514,G,A,0.127,0.801,2.11,1
var1946,11,402220,C,G,0.179,0.604,0.67,0
var1947,28,797184,C,A,0.493,0.199,0.78,0
var1948,6,56426,A,G,0.082,0.495,1.54,0
var1949,7,240968,G,C,0.196,0.742,0.96,0
var1950,24,289963,T,T,0.944,0.77,0.5,0
var1951,14,496384,C,C,0.976,0.5,0.79,0
var1952,24,879483,T,C,0.376,0.305,0.11,0
var1953,11,522121,T,T,0.923,0.974,2.11,0
var1954,13,156289,A,T,0.545,0.663,1.48,0
var1955,2,262501,C,G,0.27,0.408,0.28,0
var1956,25,520165,G,G,0.702,0.28,0.52,0
var1957,7,220780,C,A,0.659,0.731,0.31,0
var1958,20,296138,T,A,0.989,0.242,1.84,0
var1959,4,671396,G,C,0.265,0.172,0.28,0
var1960,27,733635,C,T,0.672,0.53,2.26,0
var1961,8,98756,T,A,0.052,0.29,0.06,0
var1962,20,443632,T,C,0.114,0.629,0.75,0
var1963,29,928091,A,T,0.004,0.118,2.67,0
var1964,22,96665,A,G,0.999,0.655,2.16,0
var1965,21,657005,A,C,0.802,0.283,0.22,0
var1966,19,163002,T,G,0.787,0.0,2.46,0
var1967,13,262691,C,A,0.51,0.127,1.48,0
var1968,14,607123,A,A,0.3,0.934,2.54,0
var1969,10,123232,C,T,0.151,0.867,1.8,1
var1970,11,948594,A,C,0.285,0.234,2.05,0
var1971,2,743849,G,G,0.376,0.778,2.98,0
var1972,25,446358,G,T,0.756,0.609,0.7,0
var1973,26,244051,A,A,0.54,0.971,1.87,0
var1974,9,158547,T,A,0.077,0.374,1.38,0
var1975,17,413104,A,C,0.018,0.681,0.12,0
var1976,26,569020,A,G,0.102,0.064,0.04,0
var1977,3,737983,T,C,0.41,0.396,0.36,0
var1978,24,309449,G,G,0.933,0.964,1.95,0
var1979,6,702397,C,G,0.637,0.539,1.7,0
var1980,5,534634,A,C,0.802,0.288,1.66,0
var1981,5,788019,T,T,0.466,0.12,0.1,0
var1982,22,13763,A,C,0.362,0.704,1.41,0
var1983,15,191237,T,C,0.108,0.645,2.77,1
var1984,23,763841,C,A,0.876,0.374,1.19,0
var1985,17,857047,C,A,0.783,0.951,1.87,0
var1986,9,430332,G,C,0.168,0.022,2.34,0
var1987,3,646275,T,C,0.512,0.304,2.35,0
var1988,20,217823,T,A,0.487,0.921,1.56,0
var1989,26,92353,G,G,0.625,0.321,2.57,0
var1990,17,222373,G,C,0.946,0.252,1.17,0
var1991,29,358792,T,T,0.58,0.534,2.67,0
var1992,27,550844,G,T,0.54,0.824,0.72,0
var1993,10,846474,C,T,0.05,0.103,0.84,0
var1994,3,543387,A,C,0.063,0.943,0.16,0
var1995,18,372233,C,G,0.187,0.795,2.39,1
var1996,18,177168,G,G,0.032,0.181,1.25,0
var1997,17,728346,T,A,0.743,0.712,0.69,0
var1998,24,669590,T,C,0.723,0.385,0.7,0
var1999,3,423225,C,G,0.136,0.402,2.7,0
